Date,Set,LSTM_Probability,Actual
2018-04-03,Train,0.4932529,0
2018-04-04,Train,0.491469,0
2018-04-05,Train,0.49014556,0
2018-04-06,Train,0.489322,1
2018-04-07,Train,0.4886119,1
2018-04-08,Train,0.488104,0
2018-04-09,Train,0.48797324,1
2018-04-10,Train,0.48818794,1
2018-04-11,Train,0.48875412,1
2018-04-12,Train,0.48922044,1
2018-04-13,Train,0.49018875,1
2018-04-14,Train,0.4917986,1
2018-04-15,Train,0.49414703,0
2018-04-16,Train,0.49730644,0
2018-04-17,Train,0.5008218,1
2018-04-18,Train,0.50422835,1
2018-04-19,Train,0.50775623,1
2018-04-20,Train,0.5111464,1
2018-04-21,Train,0.51455164,0
2018-04-22,Train,0.5175197,1
2018-04-23,Train,0.5199648,1
2018-04-24,Train,0.5221827,0
2018-04-25,Train,0.5240529,1
2018-04-26,Train,0.5251558,0
2018-04-27,Train,0.5251154,1
2018-04-28,Train,0.5241797,1
2018-04-29,Train,0.5226104,0
2018-04-30,Train,0.5204954,0
2018-05-01,Train,0.51815933,1
2018-05-02,Train,0.5155902,1
2018-05-03,Train,0.5126443,0
2018-05-04,Train,0.5098231,1
2018-05-05,Train,0.5074718,0
2018-05-06,Train,0.505993,0
2018-05-07,Train,0.50527394,0
2018-05-08,Train,0.5047981,1
2018-05-09,Train,0.50418496,0
2018-05-10,Train,0.5037788,0
2018-05-11,Train,0.50286245,1
2018-05-12,Train,0.50165874,1
2018-05-13,Train,0.4998806,0
2018-05-14,Train,0.4978919,0
2018-05-15,Train,0.4961548,0
2018-05-16,Train,0.49489126,0
2018-05-17,Train,0.49395925,1
2018-05-18,Train,0.49288237,0
2018-05-19,Train,0.4918961,1
2018-05-20,Train,0.49103388,0
2018-05-21,Train,0.49072334,0
2018-05-22,Train,0.49115473,0
2018-05-23,Train,0.49204963,1
2018-05-24,Train,0.49267238,0
2018-05-25,Train,0.4930846,0
2018-05-26,Train,0.49308467,1
2018-05-27,Train,0.492534,0
2018-05-28,Train,0.49135235,1
2018-05-29,Train,0.48973557,0
2018-05-30,Train,0.4879676,1
2018-05-31,Train,0.48626134,1
2018-06-01,Train,0.48511645,1
2018-06-02,Train,0.48455524,1
2018-06-03,Train,0.48500642,0
2018-06-04,Train,0.48625687,1
2018-06-05,Train,0.48828205,1
2018-06-06,Train,0.49114656,1
2018-06-07,Train,0.4945566,0
2018-06-08,Train,0.49805748,0
2018-06-09,Train,0.50149393,0
2018-06-10,Train,0.50449663,1
2018-06-11,Train,0.5065462,0
2018-06-12,Train,0.5075854,0
2018-06-13,Train,0.50716513,1
2018-06-14,Train,0.50571716,0
2018-06-15,Train,0.5033854,1
2018-06-16,Train,0.5004793,0
2018-06-17,Train,0.49729386,1
2018-06-18,Train,0.4942464,1
2018-06-19,Train,0.4918847,1
2018-06-20,Train,0.49026167,0
2018-06-21,Train,0.489686,0
2018-06-22,Train,0.49021548,1
2018-06-23,Train,0.49129987,1
2018-06-24,Train,0.49236196,1
2018-06-25,Train,0.49323422,0
2018-06-26,Train,0.49351367,1
2018-06-27,Train,0.4935723,0
2018-06-28,Train,0.49336264,1
2018-06-29,Train,0.4924494,1
2018-06-30,Train,0.49135786,0
2018-07-01,Train,0.49034294,1
2018-07-02,Train,0.4900847,0
2018-07-03,Train,0.49070874,1
2018-07-04,Train,0.49202514,1
2018-07-05,Train,0.49409863,1
2018-07-06,Train,0.49677712,1
2018-07-07,Train,0.50063664,0
2018-07-08,Train,0.5049453,0
2018-07-09,Train,0.50913215,0
2018-07-10,Train,0.5129656,1
2018-07-11,Train,0.5158621,0
2018-07-12,Train,0.5174115,1
2018-07-13,Train,0.5178799,1
2018-07-14,Train,0.51695806,1
2018-07-15,Train,0.51486486,1
2018-07-16,Train,0.51199245,1
2018-07-17,Train,0.5093113,1
2018-07-18,Train,0.5079757,1
2018-07-19,Train,0.50819886,0
2018-07-20,Train,0.5098524,1
2018-07-21,Train,0.51231766,0
2018-07-22,Train,0.51524675,1
2018-07-23,Train,0.5184935,1
2018-07-24,Train,0.5218732,0
2018-07-25,Train,0.5257094,0
2018-07-26,Train,0.5292264,1
2018-07-27,Train,0.53193307,1
2018-07-28,Train,0.5337391,1
2018-07-29,Train,0.534688,0
2018-07-30,Train,0.53482425,0
2018-07-31,Train,0.53403366,0
2018-08-01,Train,0.5322846,0
2018-08-02,Train,0.5297216,0
2018-08-03,Train,0.5261439,0
2018-08-04,Train,0.5217879,1
2018-08-05,Train,0.51673573,0
2018-08-06,Train,0.5112953,0
2018-08-07,Train,0.50574446,0
2018-08-08,Train,0.5003365,1
2018-08-09,Train,0.49570656,0
2018-08-10,Train,0.49210358,1
2018-08-11,Train,0.48924145,1
2018-08-12,Train,0.48715127,0
2018-08-13,Train,0.48569748,0
2018-08-14,Train,0.48477262,1
2018-08-15,Train,0.4844515,1
2018-08-16,Train,0.48455283,1
2018-08-17,Train,0.4849472,0
2018-08-18,Train,0.4858412,1
2018-08-19,Train,0.48736605,0
2018-08-20,Train,0.48934945,1
2018-08-21,Train,0.49156177,0
2018-08-22,Train,0.49409395,1
2018-08-23,Train,0.49649197,1
2018-08-24,Train,0.49838346,1
2018-08-25,Train,0.5004392,0
2018-08-26,Train,0.5025711,1
2018-08-27,Train,0.5049145,1
2018-08-28,Train,0.5076319,0
2018-08-29,Train,0.5107495,0
2018-08-30,Train,0.5139447,1
2018-08-31,Train,0.51690435,1
2018-09-01,Train,0.51914144,1
2018-09-02,Train,0.5211314,0
2018-09-03,Train,0.5227636,1
2018-09-04,Train,0.5243913,0
2018-09-05,Train,0.5255592,0
2018-09-06,Train,0.5259217,0
2018-09-07,Train,0.5253216,0
2018-09-08,Train,0.5230858,1
2018-09-09,Train,0.5194297,1
2018-09-10,Train,0.5148301,0
2018-09-11,Train,0.50952697,1
2018-09-12,Train,0.5041027,1
2018-09-13,Train,0.49914342,0
2018-09-14,Train,0.49498197,1
2018-09-15,Train,0.4918753,0
2018-09-16,Train,0.49019372,0
2018-09-17,Train,0.49012163,1
2018-09-18,Train,0.49106196,1
2018-09-19,Train,0.49237832,1
2018-09-20,Train,0.49437952,1
2018-09-21,Train,0.49668813,0
2018-09-22,Train,0.49949664,0
2018-09-23,Train,0.5028831,0
2018-09-24,Train,0.5064019,0
2018-09-25,Train,0.5096529,1
2018-09-26,Train,0.51231426,1
2018-09-27,Train,0.51416856,0
2018-09-28,Train,0.5152736,0
2018-09-29,Train,0.515749,1
2018-09-30,Train,0.5157139,0
2018-10-01,Train,0.51555544,0
2018-10-02,Train,0.5158818,0
2018-10-03,Train,0.51620585,1
2018-10-04,Train,0.5162983,1
2018-10-05,Train,0.51586926,0
2018-10-06,Train,0.5150536,1
2018-10-07,Train,0.5141905,1
2018-10-08,Train,0.51370704,0
2018-10-09,Train,0.5140636,0
2018-10-10,Train,0.51541734,0
2018-10-11,Train,0.5171779,1
2018-10-12,Train,0.51828504,1
2018-10-13,Train,0.518482,1
2018-10-14,Train,0.51750857,1
2018-10-15,Train,0.51536465,0
2018-10-16,Train,0.51271236,0
2018-10-17,Train,0.51022875,0
2018-10-18,Train,0.5082928,0
2018-10-19,Train,0.50670886,1
2018-10-20,Train,0.50544053,0
2018-10-21,Train,0.5044401,1
2018-10-22,Train,0.50335723,0
2018-10-23,Train,0.50216985,1
2018-10-24,Train,0.50105166,0
2018-10-25,Train,0.50020295,0
2018-10-26,Train,0.50016487,1
2018-10-27,Train,0.50021017,1
2018-10-28,Train,0.50032353,0
2018-10-29,Train,0.50055516,1
2018-10-30,Train,0.49994227,0
2018-10-31,Train,0.49892882,1
2018-11-01,Train,0.49748376,1
2018-11-02,Train,0.49598157,0
2018-11-03,Train,0.4945897,1
2018-11-04,Train,0.49334997,1
2018-11-05,Train,0.4924684,1
2018-11-06,Train,0.4920938,1
2018-11-07,Train,0.49247488,0
2018-11-08,Train,0.49395967,0
2018-11-09,Train,0.49621478,1
2018-11-10,Train,0.498823,1
2018-11-11,Train,0.50126094,0
2018-11-12,Train,0.50329185,0
2018-11-13,Train,0.5054058,0
2018-11-14,Train,0.5068158,0
2018-11-15,Train,0.50746286,0
2018-11-16,Train,0.50729936,0
2018-11-17,Train,0.5065615,1
2018-11-18,Train,0.5055129,0
2018-11-19,Train,0.504109,0
2018-11-20,Train,0.5024047,1
2018-11-21,Train,0.5004957,0
2018-11-22,Train,0.49835917,0
2018-11-23,Train,0.49638057,0
2018-11-24,Train,0.49462456,1
2018-11-25,Train,0.49290442,0
2018-11-26,Train,0.49122664,1
2018-11-27,Train,0.48965472,1
2018-11-28,Train,0.4882804,1
2018-11-29,Train,0.48719218,0
2018-11-30,Train,0.48650077,1
2018-12-01,Train,0.48637742,0
2018-12-02,Train,0.48688132,0
2018-12-03,Train,0.48779994,1
2018-12-04,Train,0.4891069,0
2018-12-05,Train,0.49046648,0
2018-12-06,Train,0.49137035,0
2018-12-07,Train,0.49180737,1
2018-12-08,Train,0.49161038,1
2018-12-09,Train,0.49084848,0
2018-12-10,Train,0.48976442,0
2018-12-11,Train,0.488987,1
2018-12-12,Train,0.48857892,0
2018-12-13,Train,0.48806658,0
2018-12-14,Train,0.48752803,0
2018-12-15,Train,0.48722515,1
2018-12-16,Train,0.48664528,1
2018-12-17,Train,0.48617718,1
2018-12-18,Train,0.4864498,1
2018-12-19,Train,0.48774102,1
2018-12-20,Train,0.4904994,0
2018-12-21,Train,0.49482462,1
2018-12-22,Train,0.49978876,0
2018-12-23,Train,0.50491536,1
2018-12-24,Train,0.50971687,0
2018-12-25,Train,0.5141346,1
2018-12-26,Train,0.517784,0
2018-12-27,Train,0.5205537,1
2018-12-28,Train,0.5221369,0
2018-12-29,Train,0.52262855,1
2018-12-30,Train,0.5222001,0
2018-12-31,Train,0.52112836,1
2019-01-01,Train,0.51891416,1
2019-01-02,Train,0.51599956,0
2019-01-03,Train,0.51322913,1
2019-01-04,Train,0.5106636,0
2019-01-05,Train,0.5090601,1
2019-01-06,Train,0.50808865,0
2019-01-07,Train,0.5081715,1
2019-01-08,Train,0.5092001,1
2019-01-09,Train,0.51146096,0
2019-01-10,Train,0.5144543,1
2019-01-11,Train,0.51764965,0
2019-01-12,Train,0.51965976,0
2019-01-13,Train,0.5203676,1
2019-01-14,Train,0.5196104,0
2019-01-15,Train,0.51813424,1
2019-01-16,Train,0.5161133,1
2019-01-17,Train,0.51367825,0
2019-01-18,Train,0.5113801,1
2019-01-19,Train,0.50921756,0
2019-01-20,Train,0.50792015,0
2019-01-21,Train,0.50700355,1
2019-01-22,Train,0.5064223,0
2019-01-23,Train,0.5057836,1
2019-01-24,Train,0.5049789,0
2019-01-25,Train,0.5045811,1
2019-01-26,Train,0.50426257,0
2019-01-27,Train,0.50391895,0
2019-01-28,Train,0.5035822,0
2019-01-29,Train,0.5025438,1
2019-01-30,Train,0.50121677,0
2019-01-31,Train,0.4998186,1
2019-02-01,Train,0.49844876,1
2019-02-02,Train,0.49740696,0
2019-02-03,Train,0.49623868,0
2019-02-04,Train,0.4959266,1
2019-02-05,Train,0.49612543,0
2019-02-06,Train,0.49648163,0
2019-02-07,Train,0.49690643,1
2019-02-08,Train,0.4968509,1
2019-02-09,Train,0.49715248,1
2019-02-10,Train,0.49834627,0
2019-02-11,Train,0.50094414,1
2019-02-12,Train,0.50501287,0
2019-02-13,Train,0.50972503,0
2019-02-14,Train,0.51437354,1
2019-02-15,Train,0.5187647,1
2019-02-16,Train,0.52245617,1
2019-02-17,Train,0.525447,1
2019-02-18,Train,0.52791226,1
2019-02-19,Train,0.53006804,1
2019-02-20,Train,0.5319128,0
2019-02-21,Train,0.5337829,1
2019-02-22,Train,0.53558064,1
2019-02-23,Train,0.5364387,0
2019-02-24,Train,0.53686213,1
2019-02-25,Train,0.53645205,0
2019-02-26,Train,0.53527486,0
2019-02-27,Train,0.5330398,1
2019-02-28,Train,0.5298311,1
2019-03-01,Train,0.5257627,1
2019-03-02,Train,0.52108914,0
2019-03-03,Train,0.51608515,0
2019-03-04,Train,0.51102316,1
2019-03-05,Train,0.5058665,1
2019-03-06,Train,0.50166893,1
2019-03-07,Train,0.49884933,0
2019-03-08,Train,0.49797297,1
2019-03-09,Train,0.4986979,0
2019-03-10,Train,0.50073266,0
2019-03-11,Train,0.50454736,1
2019-03-12,Train,0.5087384,0
2019-03-13,Train,0.5131248,1
2019-03-14,Train,0.5173378,1
2019-03-15,Train,0.5209366,1
2019-03-16,Train,0.5239185,0
2019-03-17,Train,0.5265962,1
2019-03-18,Train,0.5290598,1
2019-03-19,Train,0.5314969,1
2019-03-20,Train,0.5330484,0
2019-03-21,Train,0.53429234,0
2019-03-22,Train,0.5352059,1
2019-03-23,Train,0.53580886,0
2019-03-24,Train,0.5358513,0
2019-03-25,Train,0.5351904,1
2019-03-26,Train,0.5340134,1
2019-03-27,Train,0.5320934,0
2019-03-28,Train,0.52996004,1
2019-03-29,Train,0.5282949,1
2019-03-30,Train,0.52713966,0
2019-03-31,Train,0.5262584,1
2019-04-01,Train,0.52549493,1
2019-04-02,Train,0.5245988,1
2019-04-03,Train,0.5242052,0
2019-04-04,Train,0.5243767,1
2019-04-05,Train,0.5252788,1
2019-04-06,Train,0.52650565,1
2019-04-07,Train,0.52776444,1
2019-04-08,Train,0.5291524,0
2019-04-09,Train,0.53071547,1
2019-04-10,Train,0.53202385,0
2019-04-11,Train,0.53262997,1
2019-04-12,Train,0.5323843,1
2019-04-13,Train,0.53125715,1
2019-04-14,Train,0.5295023,0
2019-04-15,Train,0.52708757,1
2019-04-16,Train,0.52384627,1
2019-04-17,Train,0.51993495,1
2019-04-18,Train,0.5162231,1
2019-04-19,Train,0.51310915,1
2019-04-20,Train,0.5107207,0
2019-04-21,Train,0.5092758,1
2019-04-22,Train,0.508524,1
2019-04-23,Train,0.5086121,0
2019-04-24,Train,0.5097115,0
2019-04-25,Train,0.51130474,1
2019-04-26,Train,0.5132643,0
2019-04-27,Train,0.51472557,1
2019-04-28,Train,0.51538944,0
2019-04-29,Train,0.5151825,1
2019-04-30,Train,0.51454574,1
2019-05-01,Train,0.51338154,1
2019-05-02,Train,0.5121385,1
2019-05-03,Train,0.5112909,1
2019-05-04,Train,0.51137793,0
2019-05-05,Train,0.512572,0
2019-05-06,Train,0.51483524,1
2019-05-07,Train,0.51765037,1
2019-05-08,Train,0.5206026,1
2019-05-09,Train,0.5238006,1
2019-05-10,Train,0.5274664,1
2019-05-11,Train,0.5309614,0
2019-05-12,Train,0.53417,1
2019-05-13,Train,0.53667533,1
2019-05-14,Train,0.5385184,1
2019-05-15,Train,0.53958356,0
2019-05-16,Train,0.5399942,0
2019-05-17,Train,0.5396434,0
2019-05-18,Train,0.53846675,1
2019-05-19,Train,0.5364975,0
2019-05-20,Train,0.5340731,0
2019-05-21,Train,0.5314956,0
2019-05-22,Train,0.5289645,1
2019-05-23,Train,0.5261695,1
2019-05-24,Train,0.52332926,1
2019-05-25,Train,0.52071524,1
2019-05-26,Train,0.5185448,1
2019-05-27,Train,0.5172787,0
2019-05-28,Train,0.516588,0
2019-05-29,Train,0.5165348,0
2019-05-30,Train,0.5168947,1
2019-05-31,Train,0.5175431,0
2019-06-01,Train,0.51850545,1
2019-06-02,Train,0.51937246,0
2019-06-03,Train,0.519873,0
2019-06-04,Train,0.52017856,1
2019-06-05,Train,0.5201396,0
2019-06-06,Train,0.5196934,1
2019-06-07,Train,0.51840246,0
2019-06-08,Train,0.5164888,0
2019-06-09,Train,0.51429355,1
2019-06-10,Train,0.5118661,0
2019-06-11,Train,0.50955886,1
2019-06-12,Train,0.5074995,1
2019-06-13,Train,0.50618863,1
2019-06-14,Train,0.5060942,1
2019-06-15,Train,0.50709045,1
2019-06-16,Train,0.50926596,1
2019-06-17,Train,0.5122185,0
2019-06-18,Train,0.51591367,1
2019-06-19,Train,0.51980376,1
2019-06-20,Train,0.52332824,1
2019-06-21,Train,0.52638865,1
2019-06-22,Train,0.52884567,1
2019-06-23,Train,0.53074026,1
2019-06-24,Train,0.53230536,1
2019-06-25,Train,0.5332485,1
2019-06-26,Train,0.53376365,0
2019-06-27,Train,0.5334829,1
2019-06-28,Train,0.5324396,0
2019-06-29,Train,0.5307951,0
2019-06-30,Train,0.5284212,0
2019-07-01,Train,0.52547646,1
2019-07-02,Train,0.5217694,1
2019-07-03,Train,0.5175314,0
2019-07-04,Train,0.51304454,0
2019-07-05,Train,0.5087062,1
2019-07-06,Train,0.50485694,1
2019-07-07,Train,0.5017592,1
2019-07-08,Train,0.4994977,1
2019-07-09,Train,0.49834323,0
2019-07-10,Train,0.49837676,0
2019-07-11,Train,0.4995726,1
2019-07-12,Train,0.5015881,0
2019-07-13,Train,0.50355864,0
2019-07-14,Train,0.50530136,1
2019-07-15,Train,0.50686955,0
2019-07-16,Train,0.508018,1
2019-07-17,Train,0.5085194,1
2019-07-18,Train,0.5083419,0
2019-07-19,Train,0.50774646,1
2019-07-20,Train,0.50714886,0
2019-07-21,Train,0.50679696,0
2019-07-22,Train,0.506801,0
2019-07-23,Train,0.5069589,0
2019-07-24,Train,0.5072907,1
2019-07-25,Train,0.507739,0
2019-07-26,Train,0.5082495,0
2019-07-27,Train,0.5085019,1
2019-07-28,Train,0.50837016,0
2019-07-29,Train,0.50775397,1
2019-07-30,Train,0.5063893,1
2019-07-31,Train,0.5047684,1
2019-08-01,Train,0.5033344,1
2019-08-02,Train,0.50237006,1
2019-08-03,Train,0.5023242,1
2019-08-04,Train,0.5032418,1
2019-08-05,Train,0.5051579,0
2019-08-06,Train,0.5080198,1
2019-08-07,Train,0.5112797,1
2019-08-08,Train,0.51457596,0
2019-08-09,Train,0.5175551,0
2019-08-10,Train,0.5201869,1
2019-08-11,Train,0.5222687,0
2019-08-12,Train,0.52347887,0
2019-08-13,Train,0.52380407,0
2019-08-14,Train,0.52288055,1
2019-08-15,Train,0.5206357,1
2019-08-16,Train,0.5173192,0
2019-08-17,Train,0.5133436,1
2019-08-18,Train,0.5091661,1
2019-08-19,Train,0.5050427,0
2019-08-20,Train,0.50132954,0
2019-08-21,Train,0.49858826,0
2019-08-22,Train,0.49660605,1
2019-08-23,Train,0.49525458,0
2019-08-24,Train,0.49444312,0
2019-08-25,Train,0.49417335,1
2019-08-26,Train,0.49407318,0
2019-08-27,Train,0.49418235,0
2019-08-28,Train,0.49460116,0
2019-08-29,Train,0.4949845,1
2019-08-30,Train,0.49476525,1
2019-08-31,Train,0.4939447,1
2019-09-01,Train,0.49273345,1
2019-09-02,Train,0.49129578,1
2019-09-03,Train,0.49000034,0
2019-09-04,Train,0.48970017,0
2019-09-05,Train,0.49100998,0
2019-09-06,Train,0.49353912,1
2019-09-07,Train,0.49659637,0
2019-09-08,Train,0.50005436,0
2019-09-09,Train,0.50339067,0
2019-09-10,Train,0.5061523,1
2019-09-11,Train,0.50827634,1
2019-09-12,Train,0.5096769,0
2019-09-13,Train,0.5103926,0
2019-09-14,Train,0.5104543,0
2019-09-15,Train,0.51007426,0
2019-09-16,Train,0.50946915,0
2019-09-17,Train,0.50843394,0
2019-09-18,Train,0.50716996,1
2019-09-19,Train,0.5058292,0
2019-09-20,Train,0.5046438,0
2019-09-21,Train,0.5038265,1
2019-09-22,Train,0.50293255,0
2019-09-23,Train,0.5019952,0
2019-09-24,Train,0.50081617,0
2019-09-25,Train,0.4994268,0
2019-09-26,Train,0.497775,1
2019-09-27,Train,0.4956766,0
2019-09-28,Train,0.4934138,0
2019-09-29,Train,0.49107525,1
2019-09-30,Train,0.48868442,1
2019-10-01,Train,0.48650354,1
2019-10-02,Train,0.48445332,0
2019-10-03,Train,0.48257816,0
2019-10-04,Train,0.48082238,0
2019-10-05,Train,0.47952965,0
2019-10-06,Train,0.47888932,1
2019-10-07,Train,0.47845447,0
2019-10-08,Train,0.47846034,1
2019-10-09,Train,0.47880736,0
2019-10-10,Train,0.47974667,0
2019-10-11,Train,0.48148793,1
2019-10-12,Train,0.48359808,0
2019-10-13,Train,0.48594186,1
2019-10-14,Train,0.48812112,0
2019-10-15,Train,0.49001488,0
2019-10-16,Train,0.49165407,1
2019-10-17,Train,0.49286243,0
2019-10-18,Train,0.49344578,1
2019-10-19,Train,0.4933702,1
2019-10-20,Train,0.49291912,1
2019-10-21,Train,0.49277097,0
2019-10-22,Train,0.4929125,0
2019-10-23,Train,0.49364662,0
2019-10-24,Train,0.494358,1
2019-10-25,Train,0.49481484,1
2019-10-26,Train,0.49578035,1
2019-10-27,Train,0.49757928,0
2019-10-28,Train,0.50028014,1
2019-10-29,Train,0.5035471,0
2019-10-30,Train,0.50719965,0
2019-10-31,Train,0.5109242,1
2019-11-01,Train,0.5141976,1
2019-11-02,Train,0.5169047,0
2019-11-03,Train,0.51893103,1
2019-11-04,Train,0.5197686,0
2019-11-05,Train,0.5197053,1
2019-11-06,Train,0.51901984,0
2019-11-07,Train,0.5184448,0
2019-11-08,Train,0.5177146,1
2019-11-09,Train,0.5158431,1
2019-11-10,Train,0.51327395,0
2019-11-11,Train,0.51003397,1
2019-11-12,Train,0.5064955,0
2019-11-13,Train,0.50266284,0
2019-11-14,Train,0.49873418,0
2019-11-15,Train,0.4949583,1
2019-11-16,Train,0.49144715,1
2019-11-17,Train,0.488278,0
2019-11-18,Train,0.4858003,0
2019-11-19,Train,0.48382238,0
2019-11-20,Train,0.48238385,0
2019-11-21,Train,0.48112357,0
2019-11-22,Train,0.4802437,1
2019-11-23,Train,0.48005715,0
2019-11-24,Train,0.48031747,1
2019-11-25,Train,0.48062602,1
2019-11-26,Train,0.4811695,1
2019-11-27,Train,0.48164046,0
2019-11-28,Train,0.48219255,1
2019-11-29,Train,0.48301026,0
2019-11-30,Train,0.48438036,0
2019-12-01,Train,0.48616126,0
2019-12-02,Train,0.48824266,0
2019-12-03,Train,0.4905173,0
2019-12-04,Train,0.49257854,1
2019-12-05,Train,0.4941932,1
2019-12-06,Train,0.49538743,1
2019-12-07,Train,0.49623063,1
2019-12-08,Train,0.49679506,0
2019-12-09,Train,0.49774137,0
2019-12-10,Train,0.49857944,0
2019-12-11,Train,0.49916098,1
2019-12-12,Train,0.49907228,1
2019-12-13,Train,0.49845135,0
2019-12-14,Train,0.49706852,1
2019-12-15,Train,0.4953659,0
2019-12-16,Train,0.49378157,0
2019-12-17,Train,0.4924874,1
2019-12-18,Train,0.4914674,0
2019-12-19,Train,0.4913876,1
2019-12-20,Train,0.49219087,0
2019-12-21,Train,0.49413475,1
2019-12-22,Train,0.497093,0
2019-12-23,Train,0.5007889,0
2019-12-24,Train,0.50503,0
2019-12-25,Train,0.50941306,0
2019-12-26,Train,0.5134765,1
2019-12-27,Train,0.5168108,1
2019-12-28,Train,0.5192088,1
2019-12-29,Train,0.5206612,0
2019-12-30,Train,0.5211587,0
2019-12-31,Train,0.5210761,1
2020-01-01,Train,0.5203463,0
2020-01-02,Train,0.5181672,1
2020-01-03,Train,0.515229,1
2020-01-04,Train,0.51219046,1
2020-01-05,Train,0.50985575,1
2020-01-06,Train,0.50845814,1
2020-01-07,Train,0.5085192,0
2020-01-08,Train,0.50998473,0
2020-01-09,Train,0.51241696,1
2020-01-10,Train,0.5151173,0
2020-01-11,Train,0.51784074,1
2020-01-12,Train,0.5201776,0
2020-01-13,Train,0.52202207,1
2020-01-14,Train,0.5235901,0
2020-01-15,Train,0.5251653,0
2020-01-16,Train,0.52672637,1
2020-01-17,Train,0.5280732,1
2020-01-18,Train,0.5287826,0
2020-01-19,Train,0.5290282,0
2020-01-20,Train,0.5288806,1
2020-01-21,Train,0.52805,0
2020-01-22,Train,0.5266236,0
2020-01-23,Train,0.524871,1
2020-01-24,Train,0.52269125,0
2020-01-25,Train,0.5198589,1
2020-01-26,Train,0.51649094,1
2020-01-27,Train,0.5127538,1
2020-01-28,Train,0.50933313,0
2020-01-29,Train,0.50677323,1
2020-01-30,Train,0.50562966,0
2020-01-31,Train,0.50607926,1
2020-02-01,Train,0.50759923,0
2020-02-02,Train,0.50989777,0
2020-02-03,Train,0.5128402,0
2020-02-04,Train,0.5159112,1
2020-02-05,Train,0.5186192,1
2020-02-06,Train,0.52096283,1
2020-02-07,Train,0.523235,1
2020-02-08,Train,0.5252438,1
2020-02-09,Train,0.52704704,0
2020-02-10,Train,0.52846396,1
2020-02-11,Train,0.529171,1
2020-02-12,Train,0.5292653,0
2020-02-13,Train,0.5289939,1
2020-02-14,Train,0.5283886,0
2020-02-15,Train,0.52765214,1
2020-02-16,Train,0.52629995,0
2020-02-17,Train,0.52435696,1
2020-02-18,Train,0.52179337,0
2020-02-19,Train,0.51904297,0
2020-02-20,Train,0.5159507,1
2020-02-21,Train,0.51270366,0
2020-02-22,Train,0.5092472,1
2020-02-23,Train,0.5057674,0
2020-02-24,Train,0.5026789,0
2020-02-25,Train,0.50047576,0
2020-02-26,Train,0.49868745,0
2020-02-27,Train,0.49727365,0
2020-02-28,Train,0.49624428,0
2020-02-29,Train,0.49543086,0
2020-03-01,Train,0.49513367,1
2020-03-02,Train,0.49491683,0
2020-03-03,Train,0.49481034,0
2020-03-04,Train,0.49443904,1
2020-03-05,Train,0.49432293,1
2020-03-06,Train,0.4945545,0
2020-03-07,Train,0.49542215,0
2020-03-08,Train,0.4969493,0
2020-03-09,Train,0.49836144,0
2020-03-10,Train,0.4993224,1
2020-03-11,Train,0.49966758,0
2020-03-12,Train,0.49935812,1
2020-03-13,Train,0.49895263,0
2020-03-14,Train,0.49867558,1
2020-03-15,Train,0.4983636,0
2020-03-16,Train,0.4981399,1
2020-03-17,Train,0.49788055,1
2020-03-18,Train,0.49774826,1
2020-03-19,Train,0.49760646,1
2020-03-20,Train,0.4972637,0
2020-03-21,Train,0.49687707,0
2020-03-22,Train,0.49698132,1
2020-03-23,Train,0.4979609,1
2020-03-24,Train,0.49942634,0
2020-03-25,Train,0.5012528,1
2020-03-26,Train,0.5032513,0
2020-03-27,Train,0.5057086,0
2020-03-28,Train,0.50780994,0
2020-03-29,Train,0.5095979,1
2020-03-30,Train,0.51064336,1
2020-03-31,Train,0.51129127,1
2020-04-01,Train,0.5113293,1
2020-04-02,Train,0.5113076,0
2020-04-03,Train,0.5113342,1
2020-04-04,Train,0.5116716,0
2020-04-05,Train,0.5122455,1
2020-04-06,Train,0.5132222,0
2020-04-07,Train,0.514405,1
2020-04-08,Train,0.5157752,0
2020-04-09,Train,0.51754606,0
2020-04-10,Train,0.51934797,0
2020-04-11,Train,0.52109003,1
2020-04-12,Train,0.5224086,0
2020-04-13,Train,0.5232078,0
2020-04-14,Train,0.5228776,0
2020-04-15,Train,0.52171934,1
2020-04-16,Train,0.51975894,0
2020-04-17,Train,0.51752,1
2020-04-18,Train,0.5155106,0
2020-04-19,Train,0.51417375,0
2020-04-20,Train,0.5138502,0
2020-04-21,Train,0.51406515,1
2020-04-22,Train,0.51453733,1
2020-04-23,Train,0.5150064,1
2020-04-24,Train,0.5158373,1
2020-04-25,Train,0.5176187,1
2020-04-26,Train,0.5200022,1
2020-04-27,Train,0.52268434,1
2020-04-28,Train,0.52564967,1
2020-04-29,Train,0.5285653,0
2020-04-30,Train,0.53154725,1
2020-05-01,Train,0.5336946,1
2020-05-02,Train,0.5350341,0
2020-05-03,Train,0.5354855,1
2020-05-04,Train,0.5352719,1
2020-05-05,Train,0.5348946,1
2020-05-06,Train,0.5341297,1
2020-05-07,Train,0.532936,0
2020-05-08,Train,0.5314994,0
2020-05-09,Train,0.5299367,0
2020-05-10,Train,0.52830565,0
2020-05-11,Train,0.52619505,1
2020-05-12,Train,0.523388,1
2020-05-13,Train,0.51976424,1
2020-05-14,Train,0.5157031,0
2020-05-15,Train,0.51217896,1
2020-05-16,Train,0.50923306,1
2020-05-17,Train,0.5070516,1
2020-05-18,Train,0.5057541,1
2020-05-19,Train,0.50530946,0
2020-05-20,Train,0.5057925,0
2020-05-21,Train,0.5069169,1
2020-05-22,Train,0.5081714,1
2020-05-23,Train,0.50929224,0
2020-05-24,Train,0.51016015,1
2020-05-25,Train,0.5109252,0
2020-05-26,Train,0.51126105,1
2020-05-27,Train,0.5109275,1
2020-05-28,Train,0.50996244,0
2020-05-29,Train,0.5088178,1
2020-05-30,Train,0.50855845,0
2020-05-31,Train,0.5094151,1
2020-06-01,Train,0.5110198,0
2020-06-02,Train,0.5133462,1
2020-06-03,Train,0.51591104,1
2020-06-04,Train,0.5184279,0
2020-06-05,Train,0.5209165,0
2020-06-06,Train,0.52282107,1
2020-06-07,Train,0.5238743,1
2020-06-08,Train,0.5242785,1
2020-06-09,Train,0.5238979,1
2020-06-10,Train,0.5229834,0
2020-06-11,Train,0.5215715,1
2020-06-12,Train,0.5195464,0
2020-06-13,Train,0.51686144,0
2020-06-14,Train,0.51357967,1
2020-06-15,Train,0.5101993,1
2020-06-16,Train,0.50659007,0
2020-06-17,Train,0.5036655,0
2020-06-18,Train,0.5013257,0
2020-06-19,Train,0.49952492,1
2020-06-20,Train,0.49832755,0
2020-06-21,Train,0.49762145,1
2020-06-22,Train,0.49708846,0
2020-06-23,Train,0.49721506,0
2020-06-24,Train,0.49811643,0
2020-06-25,Train,0.4992641,0
2020-06-26,Train,0.5005624,0
2020-06-27,Train,0.50104827,1
2020-06-28,Train,0.50065327,1
2020-06-29,Train,0.49944988,0
2020-06-30,Train,0.4976303,1
2020-07-01,Train,0.49534002,0
2020-07-02,Train,0.49320328,0
2020-07-03,Train,0.491412,1
2020-07-04,Train,0.49009895,0
2020-07-05,Train,0.489118,1
2020-07-06,Train,0.48861867,0
2020-07-07,Train,0.48847952,1
2020-07-08,Train,0.4891922,0
2020-07-09,Train,0.49151456,1
2020-07-10,Train,0.4946404,0
2020-07-11,Train,0.49839163,1
2020-07-12,Train,0.50219595,0
2020-07-13,Train,0.5055444,0
2020-07-14,Train,0.50826395,0
2020-07-15,Train,0.5104358,0
2020-07-16,Train,0.51171017,1
2020-07-17,Train,0.5121703,1
2020-07-18,Train,0.5116972,1
2020-07-19,Train,0.51047933,0
2020-07-20,Train,0.5091741,1
2020-07-21,Train,0.50747365,1
2020-07-22,Train,0.50642943,1
2020-07-23,Train,0.5062064,0
2020-07-24,Train,0.50755644,1
2020-07-25,Train,0.5098995,1
2020-07-26,Train,0.51293516,1
2020-07-27,Train,0.51620966,0
2020-07-28,Train,0.5195635,1
2020-07-29,Train,0.522588,1
2020-07-30,Train,0.5252669,1
2020-07-31,Train,0.5274031,1
2020-08-01,Train,0.5288737,0
2020-08-02,Train,0.5296824,1
2020-08-03,Train,0.52952844,0
2020-08-04,Train,0.5287077,1
2020-08-05,Train,0.5266128,1
2020-08-06,Train,0.5237398,0
2020-08-07,Train,0.52039224,1
2020-08-08,Train,0.5170181,0
2020-08-09,Train,0.51361144,1
2020-08-10,Train,0.5103197,0
2020-08-11,Train,0.5073331,1
2020-08-12,Train,0.5046098,1
2020-08-13,Train,0.5020263,0
2020-08-14,Train,0.49958855,1
2020-08-15,Train,0.4973337,1
2020-08-16,Train,0.4954277,1
2020-08-17,Train,0.49448252,0
2020-08-18,Train,0.4942694,0
2020-08-19,Train,0.4947515,1
2020-08-20,Train,0.49552613,0
2020-08-21,Train,0.49649823,1
2020-08-22,Train,0.49747625,0
2020-08-23,Train,0.498079,1
2020-08-24,Train,0.49832004,0
2020-08-25,Train,0.4981848,1
2020-08-26,Train,0.4981546,0
2020-08-27,Train,0.49799934,1
2020-08-28,Train,0.4975738,0
2020-08-29,Train,0.4972346,1
2020-08-30,Train,0.4971062,0
2020-08-31,Train,0.497464,1
2020-09-01,Train,0.49846247,0
2020-09-02,Train,0.5003419,0
2020-09-03,Train,0.50275105,1
2020-09-04,Train,0.5048647,0
2020-09-05,Train,0.5062902,1
2020-09-06,Train,0.506825,1
2020-09-07,Train,0.5063926,0
2020-09-08,Train,0.5050897,1
2020-09-09,Train,0.5032958,1
2020-09-10,Train,0.5010618,1
2020-09-11,Train,0.49875197,1
2020-09-12,Train,0.49631065,0
2020-09-13,Train,0.49428388,1
2020-09-14,Train,0.49269867,1
2020-09-15,Train,0.49203104,1
2020-09-16,Train,0.4921414,0
2020-09-17,Train,0.49342132,0
2020-09-18,Train,0.49584115,1
2020-09-19,Train,0.4986232,0
2020-09-20,Train,0.5018647,0
2020-09-21,Train,0.5049789,1
2020-09-22,Train,0.50742567,0
2020-09-23,Train,0.50908005,1
2020-09-24,Train,0.5096167,0
2020-09-25,Train,0.5093165,1
2020-09-26,Train,0.508497,1
2020-09-27,Train,0.5073973,0
2020-09-28,Train,0.50663304,1
2020-09-29,Train,0.50603163,0
2020-09-30,Train,0.505998,0
2020-10-01,Train,0.50650895,0
2020-10-02,Train,0.5073296,0
2020-10-03,Train,0.50826937,1
2020-10-04,Train,0.5087185,1
2020-10-05,Train,0.50891435,0
2020-10-06,Train,0.509341,1
2020-10-07,Train,0.5096431,1
2020-10-08,Train,0.5100602,1
2020-10-09,Train,0.5103363,1
2020-10-10,Train,0.5109676,1
2020-10-11,Train,0.51204395,1
2020-10-12,Train,0.5134724,0
2020-10-13,Train,0.51520026,1
2020-10-14,Train,0.51668084,1
2020-10-15,Train,0.5179238,0
2020-10-16,Train,0.5190095,1
2020-10-17,Train,0.51978016,1
2020-10-18,Train,0.520226,1
2020-10-19,Train,0.520046,1
2020-10-20,Train,0.51927125,1
2020-10-21,Train,0.5186304,1
2020-10-22,Train,0.51794976,0
2020-10-23,Train,0.51712584,1
2020-10-24,Train,0.5161349,0
2020-10-25,Train,0.51523054,1
2020-10-26,Train,0.51432264,1
2020-10-27,Train,0.5134479,0
2020-10-28,Train,0.51271677,1
2020-10-29,Train,0.5118334,1
2020-10-30,Train,0.51084054,1
2020-10-31,Train,0.50978327,0
2020-11-01,Train,0.50864124,0
2020-11-02,Train,0.5074318,1
2020-11-03,Train,0.5060059,1
2020-11-04,Train,0.50464547,1
2020-11-05,Train,0.50357,0
2020-11-06,Train,0.502884,0
2020-11-07,Train,0.50257593,1
2020-11-08,Train,0.50235724,0
2020-11-09,Train,0.5023589,0
2020-11-10,Train,0.5023682,1
2020-11-11,Train,0.50238514,1
2020-11-12,Train,0.50275385,1
2020-11-13,Train,0.5033611,0
2020-11-14,Train,0.50424135,0
2020-11-15,Train,0.5052599,1
2020-11-16,Train,0.5063335,1
2020-11-17,Train,0.50747937,1
2020-11-18,Train,0.50838274,1
2020-11-19,Train,0.50914127,1
2020-11-20,Train,0.5097625,1
2020-11-21,Train,0.5103222,0
2020-11-22,Train,0.5109939,0
2020-11-23,Train,0.51138294,1
2020-11-24,Train,0.51159644,0
2020-11-25,Train,0.5116004,0
2020-11-26,Train,0.51125425,0
2020-11-27,Train,0.51049024,1
2020-11-28,Train,0.50932145,1
2020-11-29,Train,0.5076385,1
2020-11-30,Train,0.5056193,0
2020-12-01,Train,0.5036343,1
2020-12-02,Train,0.5020127,1
2020-12-03,Train,0.5010973,0
2020-12-04,Train,0.5007584,1
2020-12-05,Train,0.5007775,1
2020-12-06,Train,0.50115883,0
2020-12-07,Train,0.50184894,0
2020-12-08,Train,0.50271654,1
2020-12-09,Train,0.5033522,0
2020-12-10,Train,0.503793,0
2020-12-11,Train,0.5040349,1
2020-12-12,Train,0.5038719,1
2020-12-13,Train,0.5033472,1
2020-12-14,Train,0.50276434,1
2020-12-15,Train,0.5023943,1
2020-12-16,Train,0.50268245,1
2020-12-17,Train,0.5034994,1
2020-12-18,Train,0.5047151,1
2020-12-19,Train,0.5062897,0
2020-12-20,Train,0.5078058,0
2020-12-21,Train,0.50911564,1
2020-12-22,Train,0.51012576,0
2020-12-23,Train,0.51106226,1
2020-12-24,Train,0.51147306,1
2020-12-25,Train,0.51154584,1
2020-12-26,Train,0.5112822,0
2020-12-27,Train,0.5105275,1
2020-12-28,Train,0.50929266,1
2020-12-29,Train,0.5077811,1
2020-12-30,Train,0.50600624,1
2020-12-31,Train,0.5041682,1
2021-01-01,Train,0.5024753,1
2021-01-02,Train,0.5008857,1
2021-01-03,Train,0.49931556,0
2021-01-04,Train,0.49785915,1
2021-01-05,Train,0.49657765,1
2021-01-06,Train,0.49530947,1
2021-01-07,Train,0.49406984,1
2021-01-08,Train,0.49277335,0
2021-01-09,Train,0.49163312,0
2021-01-10,Train,0.49075264,0
2021-01-11,Train,0.49012902,0
2021-01-12,Train,0.48967505,1
2021-01-13,Train,0.48923773,1
2021-01-14,Train,0.48856148,0
2021-01-15,Train,0.48765954,0
2021-01-16,Train,0.48684916,0
2021-01-17,Train,0.48640248,1
2021-01-18,Train,0.48624486,0
2021-01-19,Train,0.48626724,0
2021-01-20,Train,0.48643652,0
2021-01-21,Train,0.4867486,1
2021-01-22,Train,0.48735508,0
2021-01-23,Train,0.48802674,1
2021-01-24,Train,0.48857763,1
2021-01-25,Train,0.488983,1
2021-01-26,Train,0.48927385,0
2021-01-27,Train,0.4895166,1
2021-01-28,Train,0.4897582,1
2021-01-29,Train,0.4896641,0
2021-01-30,Train,0.4891461,0
2021-01-31,Train,0.48856592,1
2021-02-01,Train,0.48796374,1
2021-02-02,Train,0.48729,1
2021-02-03,Train,0.48640087,0
2021-02-04,Train,0.48543775,1
2021-02-05,Train,0.48469016,1
2021-02-06,Train,0.48423347,0
2021-02-07,Train,0.48392296,1
2021-02-08,Train,0.48380634,1
2021-02-09,Train,0.48356864,0
2021-02-10,Train,0.4833643,1
2021-02-11,Train,0.4833011,0
2021-02-12,Train,0.48313951,0
2021-02-13,Train,0.48281032,1
2021-02-14,Train,0.48229748,0
2021-02-15,Train,0.48160896,1
2021-02-16,Train,0.4808327,1
2021-02-17,Train,0.47991607,0
2021-02-18,Train,0.47872883,1
2021-02-19,Train,0.47745818,1
2021-02-20,Train,0.47602242,1
2021-02-21,Train,0.47463596,0
2021-02-22,Train,0.4733403,0
2021-02-23,Train,0.47223884,1
2021-02-24,Train,0.47159123,0
2021-02-25,Train,0.47126663,0
2021-02-26,Train,0.47098216,0
2021-02-27,Train,0.47087878,0
2021-02-28,Train,0.47136086,1
2021-03-01,Train,0.47157034,0
2021-03-02,Train,0.47158775,1
2021-03-03,Train,0.47172898,0
2021-03-04,Train,0.47209242,1
2021-03-05,Train,0.4728749,0
2021-03-06,Train,0.47401848,1
2021-03-07,Train,0.475288,1
2021-03-08,Train,0.4764642,1
2021-03-09,Train,0.47751448,1
2021-03-10,Train,0.47823003,1
2021-03-11,Train,0.47863856,0
2021-03-12,Train,0.47884768,1
2021-03-13,Train,0.47901955,0
2021-03-14,Train,0.47861844,0
2021-03-15,Train,0.47800288,1
2021-03-16,Train,0.47720784,1
2021-03-17,Train,0.47628966,0
2021-03-18,Train,0.47505522,1
2021-03-19,Train,0.47359744,0
2021-03-20,Train,0.47210485,0
2021-03-21,Train,0.47065553,0
2021-03-22,Train,0.46932876,1
2021-03-23,Train,0.468173,0
2021-03-24,Train,0.46734592,0
2021-03-25,Train,0.46683437,1
2021-03-26,Train,0.46664426,1
2021-03-27,Train,0.4664012,0
2021-03-28,Train,0.46612483,1
2021-03-29,Train,0.46601602,1
2021-03-30,Train,0.46613055,1
2021-03-31,Train,0.46644205,1
2021-04-01,Train,0.4669809,1
2021-04-02,Train,0.46769148,0
2021-04-03,Train,0.4684059,1
2021-04-04,Train,0.46910378,1
2021-04-05,Train,0.46971515,0
2021-04-06,Train,0.47014162,0
2021-04-07,Train,0.4703232,1
2021-04-08,Train,0.47024366,0
2021-04-09,Train,0.469969,1
2021-04-10,Train,0.46938458,1
2021-04-11,Train,0.4686576,0
2021-04-12,Train,0.4679817,1
2021-04-13,Train,0.4673307,0
2021-04-14,Train,0.4667329,1
2021-04-15,Train,0.46623597,0
2021-04-16,Train,0.46589416,0
2021-04-17,Train,0.46562797,0
2021-04-18,Train,0.46539885,0
2021-04-19,Train,0.46534958,1
2021-04-20,Train,0.46547902,0
2021-04-21,Train,0.46553603,0
2021-04-22,Train,0.46565905,0
2021-04-23,Train,0.4659013,0
2021-04-24,Train,0.46626738,0
2021-04-25,Train,0.46667674,1
2021-04-26,Train,0.46707198,1
2021-04-27,Train,0.46710807,0
2021-04-28,Train,0.4670206,0
2021-04-29,Train,0.46699122,1
2021-04-30,Train,0.4671649,1
2021-05-01,Train,0.46723518,0
2021-05-02,Train,0.46733233,1
2021-05-03,Train,0.46742097,0
2021-05-04,Train,0.46739906,1
2021-05-05,Train,0.46740022,0
2021-05-06,Train,0.46717548,1
2021-05-07,Train,0.46679762,1
2021-05-08,Train,0.466294,0
2021-05-09,Train,0.4657777,0
2021-05-10,Train,0.46535945,1
2021-05-11,Train,0.46501583,0
2021-05-12,Train,0.46479553,1
2021-05-13,Train,0.46488705,1
2021-05-14,Train,0.46525738,0
2021-05-15,Train,0.46557114,0
2021-05-16,Train,0.4659421,0
2021-05-17,Train,0.4663166,0
2021-05-18,Train,0.4668439,0
2021-05-19,Train,0.46738946,1
2021-05-20,Train,0.46824774,0
2021-05-21,Train,0.46893874,1
2021-05-22,Train,0.46969503,0
2021-05-23,Train,0.47036397,1
2021-05-24,Train,0.47105727,0
2021-05-25,Train,0.47130436,1
2021-05-26,Train,0.4712853,0
2021-05-27,Train,0.47082746,0
2021-05-28,Train,0.47022235,0
2021-05-29,Train,0.46969682,1
2021-05-30,Train,0.46913227,1
2021-05-31,Train,0.46826696,0
2021-06-01,Train,0.46704063,1
2021-06-02,Train,0.46574363,1
2021-06-03,Train,0.46427545,0
2021-06-04,Train,0.46271223,0
2021-06-05,Train,0.46141115,1
2021-06-06,Train,0.46044523,0
2021-06-07,Train,0.45964068,0
2021-06-08,Train,0.45905423,1
2021-06-09,Train,0.45852605,0
2021-06-10,Train,0.4577587,1
2021-06-11,Train,0.45722783,0
2021-06-12,Train,0.4571387,1
2021-06-13,Train,0.45763275,1
2021-06-14,Train,0.45837942,1
2021-06-15,Train,0.45957202,0
2021-06-16,Train,0.46129182,0
2021-06-17,Train,0.46331817,0
2021-06-18,Train,0.4653536,0
2021-06-19,Train,0.46721235,1
2021-06-20,Train,0.4686954,0
2021-06-21,Train,0.4696559,1
2021-06-22,Train,0.47057128,1
2021-06-23,Train,0.47120798,1
2021-06-24,Train,0.47139454,0
2021-06-25,Train,0.47131562,1
2021-06-26,Train,0.47135627,1
2021-06-27,Train,0.4715068,0
2021-06-28,Train,0.47150236,1
2021-06-29,Train,0.47152007,0
2021-06-30,Train,0.47168085,0
2021-07-01,Train,0.47209305,1
2021-07-02,Train,0.47271547,1
2021-07-03,Train,0.47336972,1
2021-07-04,Train,0.4738659,0
2021-07-05,Train,0.47418803,1
2021-07-06,Train,0.47436166,0
2021-07-07,Train,0.4742247,0
2021-07-08,Train,0.4738053,1
2021-07-09,Train,0.47319108,0
2021-07-10,Train,0.47247872,1
2021-07-11,Train,0.4717192,0
2021-07-12,Train,0.4709391,0
2021-07-13,Train,0.47034055,1
2021-07-14,Train,0.46988133,0
2021-07-15,Train,0.46946076,0
2021-07-16,Train,0.46918172,1
2021-07-17,Train,0.4689647,1
2021-07-18,Train,0.4686483,0
2021-07-19,Train,0.46818513,0
2021-07-20,Train,0.46775666,1
2021-07-21,Train,0.4673637,1
2021-07-22,Train,0.46685207,1
2021-07-23,Train,0.46653232,1
2021-07-24,Train,0.4665456,1
2021-07-25,Train,0.46707207,1
2021-07-26,Train,0.46806136,1
2021-07-27,Train,0.46933174,1
2021-07-28,Train,0.4708109,1
2021-07-29,Train,0.4722192,1
2021-07-30,Train,0.4736144,0
2021-07-31,Train,0.4748346,0
2021-08-01,Train,0.47587693,0
2021-08-02,Train,0.47666723,0
2021-08-03,Train,0.47726986,1
2021-08-04,Train,0.4775618,1
2021-08-05,Train,0.47732893,1
2021-08-06,Train,0.47670493,1
2021-08-07,Train,0.4758755,0
2021-08-08,Train,0.47503167,1
2021-08-09,Train,0.47429693,0
2021-08-10,Train,0.47378543,1
2021-08-11,Train,0.47336632,0
2021-08-12,Train,0.47309366,1
2021-08-13,Train,0.4729048,0
2021-08-14,Train,0.47277418,0
2021-08-15,Train,0.47268257,0
2021-08-16,Train,0.4727183,0
2021-08-17,Train,0.4727361,1
2021-08-18,Train,0.47275478,1
2021-08-19,Train,0.47261593,1
2021-08-20,Train,0.47231013,0
2021-08-21,Train,0.47188085,1
2021-08-22,Train,0.4715223,1
2021-08-23,Train,0.47146025,0
2021-08-24,Train,0.4714905,1
2021-08-25,Train,0.47164753,0
2021-08-26,Train,0.4719239,1
2021-08-27,Train,0.4721049,0
2021-08-28,Train,0.47226217,0
2021-08-29,Train,0.4722681,0
2021-08-30,Train,0.47221085,1
2021-08-31,Train,0.4721297,1
2021-09-01,Train,0.47207686,1
2021-09-02,Train,0.47202662,1
2021-09-03,Train,0.47189108,0
2021-09-04,Train,0.47181183,1
2021-09-05,Train,0.47193912,1
2021-09-06,Train,0.4722345,0
2021-09-07,Train,0.47271675,0
2021-09-08,Train,0.47341898,1
2021-09-09,Train,0.47431752,0
2021-09-10,Train,0.47499672,1
2021-09-11,Train,0.4753813,1
2021-09-12,Train,0.47549382,0
2021-09-13,Train,0.4752741,1
2021-09-14,Train,0.47492623,1
2021-09-15,Train,0.47441363,0
2021-09-16,Train,0.47369775,0
2021-09-17,Train,0.4730887,1
2021-09-18,Train,0.47272477,0
2021-09-19,Train,0.4725613,0
2021-09-20,Train,0.4725485,0
2021-09-21,Train,0.47271812,1
2021-09-22,Train,0.47298884,1
2021-09-23,Train,0.47290117,0
2021-09-24,Train,0.472419,0
2021-09-25,Train,0.4719139,1
2021-09-26,Train,0.47144374,0
2021-09-27,Train,0.47083893,0
2021-09-28,Train,0.47023848,1
2021-09-29,Train,0.46972892,1
2021-09-30,Train,0.46919507,1
2021-10-01,Train,0.4684887,0
2021-10-02,Train,0.46770567,1
2021-10-03,Train,0.46722102,1
2021-10-04,Train,0.46715823,1
2021-10-05,Train,0.46754918,1
2021-10-06,Train,0.46806318,0
2021-10-07,Train,0.4684768,1
2021-10-08,Train,0.46889907,1
2021-10-09,Train,0.46924126,0
2021-10-10,Train,0.46941656,1
2021-10-11,Train,0.4693788,0
2021-10-12,Train,0.46910468,1
2021-10-13,Train,0.4687255,0
2021-10-14,Train,0.46827358,1
2021-10-15,Train,0.46762905,0
2021-10-16,Train,0.4666146,1
2021-10-17,Train,0.46554905,1
2021-10-18,Train,0.46446896,1
2021-10-19,Train,0.46337032,1
2021-10-20,Train,0.46225503,0
2021-10-21,Train,0.46111527,0
2021-10-22,Train,0.46016812,1
2021-10-23,Train,0.45947802,0
2021-10-24,Train,0.45891044,1
2021-10-25,Train,0.45835072,0
2021-10-26,Train,0.45775333,0
2021-10-27,Train,0.45723453,1
2021-10-28,Train,0.45693544,1
2021-10-29,Train,0.4568533,0
2021-10-30,Train,0.45683664,0
2021-10-31,Train,0.4570478,0
2021-11-01,Train,0.4575507,1
2021-11-02,Train,0.45832032,0
2021-11-03,Train,0.45924076,0
2021-11-04,Train,0.46029297,0
2021-11-05,Train,0.46144536,1
2021-11-06,Train,0.4625746,1
2021-11-07,Train,0.46353346,1
2021-11-08,Train,0.46432987,0
2021-11-09,Train,0.46478,0
2021-11-10,Train,0.4651238,0
2021-11-11,Train,0.4653934,0
2021-11-12,Train,0.46562216,1
2021-11-13,Train,0.46569678,1
2021-11-14,Train,0.46561158,0
2021-11-15,Train,0.46537948,0
2021-11-16,Train,0.46499386,1
2021-11-17,Train,0.46471438,0
2021-11-18,Train,0.46455374,1
2021-11-19,Train,0.46456465,1
2021-11-20,Train,0.4646373,0
2021-11-21,Train,0.46462065,0
2021-11-22,Train,0.46460256,1
2021-11-23,Train,0.46472952,0
2021-11-24,Train,0.46485958,1
2021-11-25,Train,0.46500576,0
2021-11-26,Train,0.46506575,1
2021-11-27,Train,0.4653169,1
2021-11-28,Train,0.4655487,1
2021-11-29,Train,0.4654793,0
2021-11-30,Train,0.46524772,1
2021-12-01,Train,0.46498886,0
2021-12-02,Train,0.4647383,0
2021-12-03,Train,0.46449468,0
2021-12-04,Train,0.46434602,1
2021-12-05,Train,0.46451464,1
2021-12-06,Train,0.4646699,1
2021-12-07,Train,0.4646056,0
2021-12-08,Train,0.4644426,0
2021-12-09,Train,0.4642728,0
2021-12-10,Train,0.46425992,1
2021-12-11,Train,0.4642891,1
2021-12-12,Train,0.46416065,0
2021-12-13,Train,0.4638867,0
2021-12-14,Train,0.4637706,1
2021-12-15,Train,0.46367666,0
2021-12-16,Train,0.4633237,0
2021-12-17,Train,0.46294752,1
2021-12-18,Train,0.4625919,0
2021-12-19,Train,0.46202987,1
2021-12-20,Train,0.46131954,1
2021-12-21,Train,0.4604897,0
2021-12-22,Train,0.45944887,1
2021-12-23,Train,0.4584571,1
2021-12-24,Train,0.45762566,0
2021-12-25,Train,0.45712474,1
2021-12-26,Train,0.45699686,0
2021-12-27,Train,0.45715332,0
2021-12-28,Train,0.4575882,0
2021-12-29,Train,0.4581834,1
2021-12-30,Train,0.4588074,0
2021-12-31,Train,0.45938137,1
2022-01-01,Train,0.45992568,0
2022-01-02,Train,0.46025106,0
2022-01-03,Train,0.46044055,0
2022-01-04,Train,0.46067122,0
2022-01-05,Train,0.4608861,0
2022-01-06,Train,0.46119136,0
2022-01-07,Train,0.46147928,1
2022-01-08,Train,0.46184844,1
2022-01-09,Train,0.46222588,0
2022-01-10,Train,0.46242347,1
2022-01-11,Train,0.46248287,1
2022-01-12,Train,0.46237987,0
2022-01-13,Train,0.46214822,1
2022-01-14,Train,0.46194744,1
2022-01-15,Train,0.4617636,0
2022-01-16,Train,0.46155047,0
2022-01-17,Train,0.46136177,1
2022-01-18,Train,0.46122628,0
2022-01-19,Train,0.46111438,0
2022-01-20,Train,0.46088296,0
2022-01-21,Train,0.46058327,0
2022-01-22,Train,0.4604779,1
2022-01-23,Train,0.46044505,1
2022-01-24,Train,0.4602177,1
2022-01-25,Train,0.4598342,0
2022-01-26,Train,0.45945176,1
2022-01-27,Train,0.4591504,1
2022-01-28,Train,0.45905206,1
2022-01-29,Train,0.45901898,0
2022-01-30,Train,0.4591063,1
2022-01-31,Train,0.45941445,1
2022-02-01,Train,0.46001416,0
2022-02-02,Train,0.4608961,1
2022-02-03,Train,0.4620458,1
2022-02-04,Train,0.46311882,0
2022-02-05,Train,0.4638477,1
2022-02-06,Train,0.46445632,1
2022-02-07,Train,0.46506563,1
2022-02-08,Train,0.46564928,1
2022-02-09,Train,0.466263,0
2022-02-10,Train,0.466928,0
2022-02-11,Train,0.46750772,0
2022-02-12,Train,0.46799305,0
2022-02-13,Train,0.4682676,1
2022-02-14,Train,0.4681674,1
2022-02-15,Train,0.46769938,0
2022-02-16,Train,0.46697184,0
2022-02-17,Train,0.46634147,0
2022-02-18,Train,0.4659255,1
2022-02-19,Train,0.46554074,0
2022-02-20,Train,0.46519512,0
2022-02-21,Train,0.46490145,1
2022-02-22,Train,0.4647379,0
2022-02-23,Train,0.46453404,1
2022-02-24,Train,0.464372,1
2022-02-25,Train,0.4642643,0
2022-02-26,Train,0.46425575,0
2022-02-27,Train,0.4644734,1
2022-02-28,Train,0.46514538,1
2022-03-01,Train,0.46590117,0
2022-03-02,Train,0.4667204,0
2022-03-03,Train,0.4677518,0
2022-03-04,Train,0.46902332,1
2022-03-05,Train,0.4703784,0
2022-03-06,Train,0.47145146,0
2022-03-07,Train,0.47206798,1
2022-03-08,Train,0.4722325,1
2022-03-09,Train,0.47192273,0
2022-03-10,Train,0.4712132,0
2022-03-11,Train,0.47056654,1
2022-03-12,Train,0.4701354,0
2022-03-13,Train,0.46979782,1
2022-03-14,Train,0.4696376,0
2022-03-15,Train,0.46941888,1
2022-03-16,Train,0.46928078,0
2022-03-17,Train,0.4692651,1
2022-03-18,Train,0.46947083,1
2022-03-19,Train,0.46998957,0
2022-03-20,Train,0.47088632,0
2022-03-21,Train,0.47202536,1
2022-03-22,Train,0.47321263,1
2022-03-23,Train,0.4742202,1
2022-03-24,Train,0.47496563,1
2022-03-25,Train,0.47556466,1
2022-03-26,Train,0.47601342,1
2022-03-27,Train,0.47630048,1
2022-03-28,Train,0.47637403,1
2022-03-29,Train,0.47622558,0
2022-03-30,Train,0.47595048,0
2022-03-31,Train,0.47545803,1
2022-04-01,Train,0.47474885,0
2022-04-02,Train,0.47388154,1
2022-04-03,Train,0.47280562,1
2022-04-04,Train,0.47167012,0
2022-04-05,Train,0.47052556,0
2022-04-06,Train,0.46937972,1
2022-04-07,Train,0.46835932,0
2022-04-08,Train,0.4675018,1
2022-04-09,Train,0.4667514,0
2022-04-10,Train,0.46605536,0
2022-04-11,Train,0.46538284,1
2022-04-12,Train,0.46506554,1
2022-04-13,Train,0.46492514,0
2022-04-14,Train,0.46483493,1
2022-04-15,Train,0.46497774,0
2022-04-16,Train,0.4652185,0
2022-04-17,Train,0.46552825,1
2022-04-18,Train,0.46587396,1
2022-04-19,Train,0.46609297,0
2022-04-20,Train,0.4662309,0
2022-04-21,Train,0.46643898,0
2022-04-22,Train,0.46676114,0
2022-04-23,Train,0.46713102,0
2022-04-24,Train,0.46727794,1
2022-04-25,Train,0.46709466,0
2022-04-26,Train,0.4665708,1
2022-04-27,Train,0.46600854,1
2022-04-28,Train,0.46534556,0
2022-04-29,Train,0.46457785,0
2022-04-30,Train,0.46389025,1
2022-05-01,Train,0.46337098,1
2022-05-02,Train,0.46289235,0
2022-05-03,Train,0.46241084,1
2022-05-04,Train,0.46202487,0
2022-05-05,Train,0.46161386,0
2022-05-06,Train,0.46161288,0
2022-05-07,Train,0.46194088,0
2022-05-08,Train,0.4623737,0
2022-05-09,Train,0.46288115,1
2022-05-10,Train,0.4635414,0
2022-05-11,Train,0.46414274,1
2022-05-12,Train,0.46478623,1
2022-05-13,Train,0.4653435,1
2022-05-14,Train,0.46577996,1
2022-05-15,Train,0.46606272,0
2022-05-16,Train,0.4661999,1
2022-05-17,Train,0.46648183,0
2022-05-18,Train,0.46687502,1
2022-05-19,Train,0.46727872,0
2022-05-20,Train,0.46756843,1
2022-05-21,Train,0.4678676,1
2022-05-22,Train,0.4680667,0
2022-05-23,Train,0.46803996,1
2022-05-24,Train,0.46789473,0
2022-05-25,Train,0.4674411,0
2022-05-26,Train,0.46677452,0
2022-05-27,Train,0.46608362,1
2022-05-28,Train,0.4654593,1
2022-05-29,Train,0.46471483,1
2022-05-30,Train,0.4638364,1
2022-05-31,Train,0.46311462,0
2022-06-01,Train,0.46296847,1
2022-06-02,Train,0.46365583,0
2022-06-03,Train,0.46469256,1
2022-06-04,Train,0.46590585,1
2022-06-05,Train,0.46720698,1
2022-06-06,Train,0.46832258,0
2022-06-07,Train,0.46940222,0
2022-06-08,Train,0.47055748,0
2022-06-09,Train,0.47173432,0
2022-06-10,Train,0.4727675,0
2022-06-11,Train,0.47361717,0
2022-06-12,Train,0.4741597,0
2022-06-13,Train,0.47434336,0
2022-06-14,Train,0.47443944,1
2022-06-15,Train,0.47453868,0
2022-06-16,Train,0.47459996,1
2022-06-17,Train,0.47482696,0
2022-06-18,Train,0.47507814,1
2022-06-19,Train,0.4753313,1
2022-06-20,Train,0.4754548,1
2022-06-21,Train,0.47535205,0
2022-06-22,Train,0.47517493,1
2022-06-23,Train,0.4750932,1
2022-06-24,Train,0.4750883,1
2022-06-25,Train,0.47517937,0
2022-06-26,Train,0.4753949,0
2022-06-27,Train,0.47573552,0
2022-06-28,Train,0.47612157,0
2022-06-29,Train,0.47631016,0
2022-06-30,Train,0.47611368,0
2022-07-01,Train,0.47550216,0
2022-07-02,Train,0.47442558,1
2022-07-03,Train,0.47291246,1
2022-07-04,Train,0.47105968,0
2022-07-05,Train,0.46926552,1
2022-07-06,Train,0.4677382,1
2022-07-07,Train,0.46685818,1
2022-07-08,Train,0.46671492,0
2022-07-09,Train,0.4676089,0
2022-07-10,Train,0.4694003,0
2022-07-11,Train,0.4718628,0
2022-07-12,Train,0.4744839,1
2022-07-13,Train,0.47697687,1
2022-07-14,Train,0.4789776,1
2022-07-15,Train,0.4804071,1
2022-07-16,Train,0.48161024,0
2022-07-17,Train,0.48268136,1
2022-07-18,Train,0.48387882,1
2022-07-19,Train,0.4851169,0
2022-07-20,Train,0.48664337,0
2022-07-21,Train,0.48829758,0
2022-07-22,Train,0.48996836,0
2022-07-23,Train,0.49155635,1
2022-07-24,Train,0.4928247,0
2022-07-25,Train,0.4937438,0
2022-07-26,Train,0.49424693,1
2022-07-27,Train,0.49430668,1
2022-07-28,Train,0.49373055,0
2022-07-29,Train,0.49290004,0
2022-07-30,Train,0.4922628,0
2022-07-31,Train,0.49197868,0
2022-08-01,Train,0.4920135,0
2022-08-02,Train,0.49208555,0
2022-08-03,Train,0.49212116,0
2022-08-04,Train,0.49215385,1
2022-08-05,Train,0.492061,0
2022-08-06,Train,0.49176517,1
2022-08-07,Train,0.4911873,1
2022-08-08,Train,0.49036804,0
2022-08-09,Train,0.48975143,1
2022-08-10,Train,0.4892659,1
2022-08-11,Train,0.4889639,1
2022-08-12,Train,0.48877543,1
2022-08-13,Train,0.48889253,0
2022-08-14,Train,0.48933646,0
2022-08-15,Train,0.49002802,0
2022-08-16,Train,0.49076453,0
2022-08-17,Train,0.4913898,0
2022-08-18,Train,0.4916368,0
2022-08-19,Train,0.4914521,1
2022-08-20,Train,0.49086702,1
2022-08-21,Train,0.4899355,0
2022-08-22,Train,0.4885117,1
2022-08-23,Train,0.4866525,0
2022-08-24,Train,0.48489097,1
2022-08-25,Train,0.48311883,0
2022-08-26,Train,0.4816057,0
2022-08-27,Train,0.48032796,0
2022-08-28,Train,0.47925487,1
2022-08-29,Train,0.47828382,0
2022-08-30,Train,0.47741985,1
2022-08-31,Train,0.47677556,1
2022-09-01,Train,0.4762876,0
2022-09-02,Train,0.47581077,0
2022-09-03,Train,0.47545218,1
2022-09-04,Train,0.4749839,0
2022-09-05,Train,0.4743817,0
2022-09-06,Train,0.47380978,1
2022-09-07,Train,0.47321275,1
2022-09-08,Train,0.4725127,1
2022-09-09,Train,0.47178063,1
2022-09-10,Train,0.4715322,1
2022-09-11,Train,0.4720446,1
2022-09-12,Train,0.4736805,0
2022-09-13,Train,0.47616246,0
2022-09-14,Train,0.47908536,0
2022-09-15,Train,0.4819294,1
2022-09-16,Train,0.48419598,1
2022-09-17,Train,0.48564342,0
2022-09-18,Train,0.48632765,1
2022-09-19,Train,0.48629248,0
2022-09-20,Train,0.48587546,0
2022-09-21,Train,0.48542446,1
2022-09-22,Train,0.4848391,0
2022-09-23,Train,0.48430026,0
2022-09-24,Train,0.4837148,0
2022-09-25,Train,0.4834276,1
2022-09-26,Train,0.4833998,0
2022-09-27,Train,0.4836033,1
2022-09-28,Train,0.4841177,1
2022-09-29,Train,0.48475966,0
2022-09-30,Train,0.4855294,0
2022-10-01,Train,0.4864157,0
2022-10-02,Train,0.48718086,1
2022-10-03,Train,0.4877095,1
2022-10-04,Train,0.4878634,0
2022-10-05,Train,0.48805246,0
2022-10-06,Train,0.4886147,0
2022-10-07,Train,0.48925775,0
2022-10-08,Train,0.4899867,1
2022-10-09,Train,0.4905395,0
2022-10-10,Train,0.4907284,0
2022-10-11,Train,0.49038425,1
2022-10-12,Train,0.4895667,1
2022-10-13,Train,0.48826805,0
2022-10-14,Train,0.4867097,0
2022-10-15,Train,0.48533344,1
2022-10-16,Train,0.48436585,1
2022-10-17,Train,0.48390785,0
2022-10-18,Train,0.48388878,0
2022-10-19,Train,0.4841921,0
2022-10-20,Train,0.48494098,1
2022-10-21,Train,0.48596674,1
2022-10-22,Train,0.48714644,1
2022-10-23,Train,0.48819447,0
2022-10-24,Train,0.48924968,1
2022-10-25,Train,0.49050337,1
2022-10-26,Train,0.4919668,0
2022-10-27,Train,0.49362102,1
2022-10-28,Train,0.49517733,1
2022-10-29,Train,0.49666956,0
2022-10-30,Train,0.49797904,0
2022-10-31,Train,0.49896425,0
2022-11-01,Train,0.49959618,0
2022-11-02,Train,0.50003266,1
2022-11-03,Train,0.5001095,1
2022-11-04,Train,0.49962437,1
2022-11-05,Train,0.4987643,0
2022-11-06,Train,0.49791193,0
2022-11-07,Train,0.4968604,0
2022-11-08,Train,0.49581113,0
2022-11-09,Train,0.49470007,1
2022-11-10,Train,0.4936355,0
2022-11-11,Train,0.49232617,0
2022-11-12,Train,0.49061963,0
2022-11-13,Train,0.48870707,1
2022-11-14,Train,0.48683771,1
2022-11-15,Train,0.48509756,0
2022-11-16,Train,0.4834123,1
2022-11-17,Train,0.48193887,1
2022-11-18,Train,0.4807914,1
2022-11-19,Train,0.47960207,0
2022-11-20,Train,0.47858125,0
2022-11-21,Train,0.47794434,1
2022-11-22,Train,0.477611,1
2022-11-23,Train,0.4773419,0
2022-11-24,Train,0.4771698,0
2022-11-25,Train,0.4768481,0
2022-11-26,Train,0.4768106,0
2022-11-27,Train,0.47700143,0
2022-11-28,Train,0.4774098,1
2022-11-29,Train,0.47788176,1
2022-11-30,Train,0.4784697,0
2022-12-01,Train,0.4794468,1
2022-12-02,Train,0.48069286,0
2022-12-03,Train,0.48242274,1
2022-12-04,Train,0.4844091,0
2022-12-05,Train,0.48683828,1
2022-12-06,Train,0.48962614,0
2022-12-07,Train,0.49230385,1
2022-12-08,Train,0.4943953,0
2022-12-09,Train,0.49621454,0
2022-12-10,Train,0.49765053,0
2022-12-11,Train,0.49878022,1
2022-12-12,Train,0.4994886,1
2022-12-13,Train,0.50010246,1
2022-12-14,Train,0.50062364,0
2022-12-15,Train,0.50087965,0
2022-12-16,Train,0.50100076,1
2022-12-31,Validation,0.48901978,1
2023-01-01,Validation,0.48989612,1
2023-01-02,Validation,0.49036214,0
2023-01-03,Validation,0.49061412,1
2023-01-04,Validation,0.49043638,0
2023-01-05,Validation,0.49036998,1
2023-01-06,Validation,0.49067628,1
2023-01-07,Validation,0.49152184,1
2023-01-08,Validation,0.49281496,1
2023-01-09,Validation,0.49442098,1
2023-01-10,Validation,0.4960945,1
2023-01-11,Validation,0.4981126,1
2023-01-12,Validation,0.50041175,1
2023-01-13,Validation,0.50264066,1
2023-01-14,Validation,0.50467396,0
2023-01-15,Validation,0.50655085,1
2023-01-16,Validation,0.50808907,0
2023-01-17,Validation,0.50907934,0
2023-01-18,Validation,0.5097604,1
2023-01-19,Validation,0.50971496,1
2023-01-20,Validation,0.5091528,1
2023-01-21,Validation,0.50802577,0
2023-01-22,Validation,0.506546,1
2023-01-23,Validation,0.5048201,0
2023-01-24,Validation,0.50307506,1
2023-01-25,Validation,0.50110626,0
2023-01-26,Validation,0.49907577,1
2023-01-27,Validation,0.4971575,0
2023-01-28,Validation,0.49538466,1
2023-01-29,Validation,0.49377406,0
2023-01-30,Validation,0.49240592,1
2023-01-31,Validation,0.49098337,1
2023-02-01,Validation,0.48964915,0
2023-02-02,Validation,0.4884979,0
2023-02-03,Validation,0.4874047,0
2023-02-04,Validation,0.48649374,0
2023-02-05,Validation,0.485809,0
2023-02-06,Validation,0.48516473,1
2023-02-07,Validation,0.48440504,0
2023-02-08,Validation,0.48349047,0
2023-02-09,Validation,0.4822967,0
2023-02-10,Validation,0.48115644,1
2023-02-11,Validation,0.48007098,0
2023-02-12,Validation,0.47900465,1
2023-02-13,Validation,0.47797695,1
2023-02-14,Validation,0.47743618,1
2023-02-15,Validation,0.47717243,0
2023-02-16,Validation,0.47725904,1
2023-02-17,Validation,0.47820166,1
2023-02-18,Validation,0.4800939,0
2023-02-19,Validation,0.48262534,1
2023-02-20,Validation,0.4856081,0
2023-02-21,Validation,0.48881012,0
2023-02-22,Validation,0.4917887,0
2023-02-23,Validation,0.4944877,0
2023-02-24,Validation,0.4967283,0
2023-02-25,Validation,0.4980673,1
2023-02-26,Validation,0.49840075,0
2023-02-27,Validation,0.4978789,0
2023-02-28,Validation,0.4966829,1
2023-03-01,Validation,0.49500856,0
2023-03-02,Validation,0.49289238,0
2023-03-03,Validation,0.49084848,0
2023-03-04,Validation,0.48884478,1
2023-03-05,Validation,0.48689848,0
2023-03-06,Validation,0.48500365,0
2023-03-07,Validation,0.4831454,0
2023-03-08,Validation,0.48151165,0
2023-03-09,Validation,0.48014343,0
2023-03-10,Validation,0.47908685,1
2023-03-11,Validation,0.47842884,1
2023-03-12,Validation,0.47795942,1
2023-03-13,Validation,0.4776807,1
2023-03-14,Validation,0.47802112,0
2023-03-15,Validation,0.47921753,1
2023-03-16,Validation,0.48103684,1
2023-03-17,Validation,0.4831404,0
2023-03-18,Validation,0.48557207,1
2023-03-19,Validation,0.48806566,0
2023-03-20,Validation,0.4904772,1
2023-03-21,Validation,0.49271533,0
2023-03-22,Validation,0.49467292,1
2023-03-23,Validation,0.49616703,0
2023-03-24,Validation,0.49726835,1
2023-03-25,Validation,0.49783677,1
2023-03-26,Validation,0.49788228,0
2023-03-27,Validation,0.49714687,1
2023-03-28,Validation,0.4957829,1
2023-03-29,Validation,0.49411756,0
2023-03-30,Validation,0.49228972,1
2023-03-31,Validation,0.49028343,0
2023-04-01,Validation,0.4883353,0
2023-04-02,Validation,0.48659733,0
2023-04-03,Validation,0.48512265,1
2023-04-04,Validation,0.48399165,1
2023-04-05,Validation,0.48311526,0
2023-04-06,Validation,0.48253176,0
2023-04-07,Validation,0.4820186,1
2023-04-08,Validation,0.48174548,1
2023-04-09,Validation,0.4816277,1
2023-04-10,Validation,0.48174796,1
2023-04-11,Validation,0.48242486,0
2023-04-12,Validation,0.4835454,1
2023-04-13,Validation,0.48489752,1
2023-04-14,Validation,0.486619,0
2023-04-15,Validation,0.48832607,0
2023-04-16,Validation,0.4898857,0
2023-04-17,Validation,0.49119934,1
2023-04-18,Validation,0.4920719,0
2023-04-19,Validation,0.49249402,0
2023-04-20,Validation,0.49220112,0
2023-04-21,Validation,0.49148977,1
2023-04-22,Validation,0.49026108,0
2023-04-23,Validation,0.48850334,0
2023-04-24,Validation,0.48632318,1
2023-04-25,Validation,0.48391262,1
2023-04-26,Validation,0.4815718,1
2023-04-27,Validation,0.47961473,0
2023-04-28,Validation,0.47816554,0
2023-04-29,Validation,0.47749138,1
2023-04-30,Validation,0.47763118,0
2023-05-01,Validation,0.47847667,1
2023-05-02,Validation,0.47984454,1
2023-05-03,Validation,0.48127356,0
2023-05-04,Validation,0.48276708,1
2023-05-05,Validation,0.48412278,0
2023-05-06,Validation,0.4853846,0
2023-05-07,Validation,0.48639837,0
2023-05-08,Validation,0.48715627,0
2023-05-09,Validation,0.48759285,0
2023-05-10,Validation,0.48756436,0
2023-05-11,Validation,0.48700818,0
2023-05-12,Validation,0.48599282,0
2023-05-13,Validation,0.4847017,1
2023-05-14,Validation,0.48332295,1
2023-05-15,Validation,0.48196238,0
2023-05-16,Validation,0.48087332,1
2023-05-17,Validation,0.48006326,0
2023-05-18,Validation,0.47953576,1
2023-05-19,Validation,0.47934884,1
2023-05-20,Validation,0.4793301,0
2023-05-21,Validation,0.47957894,1
2023-05-22,Validation,0.4799491,1
2023-05-23,Validation,0.48027432,0
2023-05-24,Validation,0.4804832,1
2023-05-25,Validation,0.4805677,1
2023-05-26,Validation,0.48054227,1
2023-05-27,Validation,0.48029745,1
2023-05-28,Validation,0.47999492,0
2023-05-29,Validation,0.4799376,0
2023-05-30,Validation,0.48016605,0
2023-05-31,Validation,0.4807494,0
2023-06-01,Validation,0.48143178,1
2023-06-02,Validation,0.48215687,0
2023-06-03,Validation,0.48268095,1
2023-06-04,Validation,0.48283908,0
2023-06-05,Validation,0.48287645,1
2023-06-06,Validation,0.4827547,0
2023-06-07,Validation,0.48233297,1
2023-06-08,Validation,0.4820711,0
2023-06-09,Validation,0.4819003,0
2023-06-10,Validation,0.4817809,1
2023-06-11,Validation,0.48173746,0
2023-06-12,Validation,0.4815225,1
2023-06-13,Validation,0.4811817,0
2023-06-14,Validation,0.48067215,1
2023-06-15,Validation,0.48007643,1
2023-06-16,Validation,0.4792921,1
2023-06-17,Validation,0.47836435,0
2023-06-18,Validation,0.47773775,1
2023-06-19,Validation,0.4775853,1
2023-06-20,Validation,0.4780499,1
2023-06-21,Validation,0.4788261,0
2023-06-22,Validation,0.4799592,1
2023-06-23,Validation,0.4812323,0
2023-06-24,Validation,0.48246646,0
2023-06-25,Validation,0.48366618,0
2023-06-26,Validation,0.4846823,1
2023-06-27,Validation,0.4854617,0
2023-06-28,Validation,0.48600614,1
2023-06-29,Validation,0.48637092,1
2023-06-30,Validation,0.4864326,1
2023-07-01,Validation,0.4859602,1
2023-07-02,Validation,0.48510563,1
2023-07-03,Validation,0.48404908,0
2023-07-04,Validation,0.48283377,0
2023-07-05,Validation,0.481584,0
2023-07-06,Validation,0.48036546,1
2023-07-07,Validation,0.47917312,0
2023-07-08,Validation,0.47791,0
2023-07-09,Validation,0.47645918,1
2023-07-10,Validation,0.4748839,1
2023-07-11,Validation,0.4732887,0
2023-07-12,Validation,0.47175774,1
2023-07-13,Validation,0.47052723,0
2023-07-14,Validation,0.46973988,0
2023-07-15,Validation,0.46939346,0
2023-07-16,Validation,0.46941164,0
2023-07-17,Validation,0.4694436,0
2023-07-18,Validation,0.46932173,1
2023-07-19,Validation,0.4692002,0
2023-07-20,Validation,0.46903694,1
2023-07-21,Validation,0.4689176,0
2023-07-22,Validation,0.46869725,1
2023-07-23,Validation,0.46843532,0
2023-07-24,Validation,0.46825686,1
2023-07-25,Validation,0.46830237,1
2023-07-26,Validation,0.46854046,0
2023-07-27,Validation,0.46891052,1
2023-07-28,Validation,0.46920338,1
2023-07-29,Validation,0.46962127,0
2023-07-30,Validation,0.4700613,0
2023-07-31,Validation,0.47055298,1
2023-08-01,Validation,0.47103348,0
2023-08-02,Validation,0.4715048,1
2023-08-03,Validation,0.47205043,0
2023-08-04,Validation,0.47269553,0
2023-08-05,Validation,0.47330868,0
2023-08-06,Validation,0.47380137,1
2023-08-07,Validation,0.47392118,1
2023-08-08,Validation,0.4740152,0
2023-08-09,Validation,0.47408903,0
2023-08-10,Validation,0.47425967,0
2023-08-11,Validation,0.47475687,1
2023-08-12,Validation,0.4753396,0
2023-08-13,Validation,0.47591853,1
2023-08-14,Validation,0.47646973,0
2023-08-15,Validation,0.47698167,0
2023-08-16,Validation,0.4771975,0
2023-08-17,Validation,0.47733706,0
2023-08-18,Validation,0.4773116,1
2023-08-19,Validation,0.4772732,1
2023-08-20,Validation,0.4770947,0
2023-08-21,Validation,0.47678638,0
2023-08-22,Validation,0.47626227,1
2023-08-23,Validation,0.47550845,0
2023-08-24,Validation,0.47468647,0
2023-08-25,Validation,0.47384533,0
2023-08-26,Validation,0.4730283,1
2023-08-27,Validation,0.47220364,1
2023-08-28,Validation,0.47145554,1
2023-08-29,Validation,0.47078377,0
2023-08-30,Validation,0.47039148,0
2023-08-31,Validation,0.4703301,0
2023-09-01,Validation,0.47063583,1
2023-09-02,Validation,0.47099057,1
2023-09-03,Validation,0.47108322,0
2023-09-04,Validation,0.4708616,0
2023-09-05,Validation,0.47044766,0
2023-09-06,Validation,0.46997204,1
2023-09-07,Validation,0.46941665,0
2023-09-08,Validation,0.46897754,0
2023-09-09,Validation,0.4688248,0
2023-09-10,Validation,0.46903273,0
2023-09-11,Validation,0.4696677,1
2023-09-12,Validation,0.470704,1
2023-09-13,Validation,0.4717455,1
2023-09-14,Validation,0.47309157,1
2023-09-15,Validation,0.47498232,0
2023-09-16,Validation,0.4773075,0
2023-09-17,Validation,0.47994936,1
2023-09-18,Validation,0.48269895,1
2023-09-19,Validation,0.4853056,0
2023-09-20,Validation,0.48760208,0
2023-09-21,Validation,0.48955315,1
2023-09-22,Validation,0.49084,0
2023-09-23,Validation,0.49145517,0
2023-09-24,Validation,0.49121132,1
2023-09-25,Validation,0.49022382,0
2023-09-26,Validation,0.48881248,1
2023-09-27,Validation,0.48698,1
2023-09-28,Validation,0.48486337,0
2023-09-29,Validation,0.48274186,1
2023-09-30,Validation,0.48106685,1
2023-10-01,Validation,0.48013502,0
2023-10-02,Validation,0.47996217,0
2023-10-03,Validation,0.48037538,1
2023-10-04,Validation,0.48108652,0
2023-10-05,Validation,0.48192108,1
2023-10-06,Validation,0.48280913,1
2023-10-07,Validation,0.4836248,0
2023-10-08,Validation,0.4842972,0
2023-10-09,Validation,0.4848828,0
2023-10-10,Validation,0.48510656,0
2023-10-11,Validation,0.48486122,0
2023-10-12,Validation,0.48412156,1
2023-10-13,Validation,0.48279744,0
2023-10-14,Validation,0.48105738,1
2023-10-15,Validation,0.47904232,1
2023-10-16,Validation,0.4769,0
2023-10-17,Validation,0.4751674,0
2023-10-18,Validation,0.47401303,1
2023-10-19,Validation,0.47344163,1
2023-10-20,Validation,0.47357392,1
2023-10-21,Validation,0.47422686,1
2023-10-22,Validation,0.47539544,1
2023-10-23,Validation,0.47700274,1
2023-10-24,Validation,0.4788687,1
2023-10-25,Validation,0.4808992,0
2023-10-26,Validation,0.48280892,0
2023-10-27,Validation,0.4844073,1
2023-10-28,Validation,0.4855867,1
2023-10-29,Validation,0.4862917,0
2023-10-30,Validation,0.48648393,1
2023-10-31,Validation,0.48617575,1
2023-11-01,Validation,0.48559213,0
2023-11-02,Validation,0.48485255,0
2023-11-03,Validation,0.48376822,1
2023-11-04,Validation,0.48244637,0
2023-11-05,Validation,0.4809285,0
2023-11-06,Validation,0.47923967,1
2023-11-07,Validation,0.4775314,1
2023-11-08,Validation,0.4759721,1
2023-11-09,Validation,0.47458652,1
2023-11-10,Validation,0.47343305,0
2023-11-11,Validation,0.47262684,0
2023-11-12,Validation,0.47200277,0
2023-11-13,Validation,0.4715944,0
2023-11-14,Validation,0.47130433,1
2023-11-15,Validation,0.47106048,0
2023-11-16,Validation,0.47097045,1
2023-11-17,Validation,0.47087416,0
2023-11-18,Validation,0.4709861,1
2023-11-19,Validation,0.4709965,1
2023-11-20,Validation,0.47103193,0
2023-11-21,Validation,0.4711633,1
2023-11-22,Validation,0.47131264,0
2023-11-23,Validation,0.47162482,1
2023-11-24,Validation,0.47194856,1
2023-11-25,Validation,0.472346,0
2023-11-26,Validation,0.47294432,0
2023-11-27,Validation,0.47370678,1
2023-11-28,Validation,0.47461933,1
2023-11-29,Validation,0.47562158,0
2023-11-30,Validation,0.47643495,1
2023-12-01,Validation,0.47733048,1
2023-12-02,Validation,0.47819343,1
2023-12-03,Validation,0.4790767,1
2023-12-04,Validation,0.4799208,1
2023-12-05,Validation,0.4806947,0
2023-12-06,Validation,0.48148733,0
2023-12-07,Validation,0.48209456,1
2023-12-08,Validation,0.48247874,0
2023-12-09,Validation,0.48261747,1
2023-12-10,Validation,0.48246056,0
2023-12-11,Validation,0.48207396,1
2023-12-12,Validation,0.4813556,1
2023-12-13,Validation,0.48044088,1
2023-12-14,Validation,0.47924864,0
2023-12-15,Validation,0.47785622,1
2023-12-16,Validation,0.47641918,0
2023-12-17,Validation,0.47505894,1
2023-12-18,Validation,0.47378665,0
2023-12-19,Validation,0.4727086,1
2023-12-20,Validation,0.47180665,1
2023-12-21,Validation,0.47123006,1
2023-12-22,Validation,0.4710085,0
2023-12-23,Validation,0.4711627,0
2024-01-07,Test,0.47330695,1
2024-01-08,Test,0.4732346,0
2024-01-09,Test,0.47316167,1
2024-01-10,Test,0.47319356,0
2024-01-11,Test,0.47338685,0
2024-01-12,Test,0.4736667,0
2024-01-13,Test,0.47398034,0
2024-01-14,Test,0.4742311,1
2024-01-15,Test,0.47419494,1
2024-01-16,Test,0.47373945,0
2024-01-17,Test,0.47301167,0
2024-01-18,Test,0.4722869,1
2024-01-19,Test,0.4716826,1
2024-01-20,Test,0.47120297,0
2024-01-21,Test,0.47082683,0
2024-01-22,Test,0.47059828,1
2024-01-23,Test,0.47057188,1
2024-01-24,Test,0.4706701,0
2024-01-25,Test,0.4707185,1
2024-01-26,Test,0.47068745,1
2024-01-27,Test,0.47050846,0
2024-01-28,Test,0.4704255,1
2024-01-29,Test,0.47056988,0
2024-01-30,Test,0.47092897,0
2024-01-31,Test,0.47139558,1
2024-02-01,Test,0.47184464,1
2024-02-02,Test,0.47229356,0
2024-02-03,Test,0.47264022,0
2024-02-04,Test,0.4728494,1
2024-02-05,Test,0.472799,1
2024-02-06,Test,0.47271076,1
2024-02-07,Test,0.47242397,1
2024-02-08,Test,0.472135,1
2024-02-09,Test,0.47194213,1
2024-02-10,Test,0.471681,1
2024-02-11,Test,0.47150478,1
2024-02-12,Test,0.47142333,0
2024-02-13,Test,0.4713108,1
2024-02-14,Test,0.4712608,1
2024-02-15,Test,0.47114584,1
2024-02-16,Test,0.47087345,0
2024-02-17,Test,0.47049427,1
2024-02-18,Test,0.46998742,0
2024-02-19,Test,0.46943069,1
2024-02-20,Test,0.46871722,0
2024-02-21,Test,0.46793893,0
2024-02-22,Test,0.46704262,0
2024-02-23,Test,0.4660846,1
2024-02-24,Test,0.46504632,1
2024-02-25,Test,0.4640173,1
2024-02-26,Test,0.46295685,1
2024-02-27,Test,0.46194652,1
2024-02-28,Test,0.4610553,0
2024-02-29,Test,0.46022016,1
2024-03-01,Test,0.45984966,0
2024-03-02,Test,0.45985058,1
2024-03-03,Test,0.46002984,1
2024-03-04,Test,0.46029857,0
2024-03-05,Test,0.4603794,1
2024-03-06,Test,0.46058786,1
2024-03-07,Test,0.46092808,1
2024-03-08,Test,0.46114588,1
2024-03-09,Test,0.46124,1
2024-03-10,Test,0.46122372,1
2024-03-11,Test,0.46104446,0
2024-03-12,Test,0.4605976,1
2024-03-13,Test,0.46017507,0
2024-03-14,Test,0.4597834,0
2024-03-15,Test,0.4594481,0
2024-03-16,Test,0.45923075,1
2024-03-17,Test,0.4592129,0
2024-03-18,Test,0.45925856,0
2024-03-19,Test,0.45927927,1
2024-03-20,Test,0.45950362,0
2024-03-21,Test,0.4598872,0
2024-03-22,Test,0.4603514,1
2024-03-23,Test,0.4610269,1
2024-03-24,Test,0.461827,1
2024-03-25,Test,0.46251398,1
2024-03-26,Test,0.46301717,0
2024-03-27,Test,0.4634585,1
2024-03-28,Test,0.4639405,0
2024-03-29,Test,0.46440926,0
2024-03-30,Test,0.4647982,1
2024-03-31,Test,0.4650056,0
2024-04-01,Test,0.46498784,0
2024-04-02,Test,0.46481657,1
2024-04-03,Test,0.4644783,1
2024-04-04,Test,0.46408755,0
2024-04-05,Test,0.46351185,1
2024-04-06,Test,0.462884,1
2024-04-07,Test,0.46229193,1
2024-04-08,Test,0.4617343,0
2024-04-09,Test,0.46125957,1
2024-04-10,Test,0.46093225,0
2024-04-11,Test,0.46082652,0
2024-04-12,Test,0.46083686,0
2024-04-13,Test,0.46092963,1
2024-04-14,Test,0.46138817,0
2024-04-15,Test,0.4618779,1
2024-04-16,Test,0.46235305,0
2024-04-17,Test,0.46278316,1
2024-04-18,Test,0.46326768,1
2024-04-19,Test,0.46357098,1
2024-04-20,Test,0.46368608,0
2024-04-21,Test,0.46368435,1
2024-04-22,Test,0.46361294,0
2024-04-23,Test,0.46352074,0
2024-04-24,Test,0.46347147,1
2024-04-25,Test,0.4635006,0
2024-04-26,Test,0.46352294,0
2024-04-27,Test,0.4634445,0
2024-04-28,Test,0.46316323,1
2024-04-29,Test,0.4626166,0
2024-04-30,Test,0.46185836,0
2024-05-01,Test,0.4611194,1
2024-05-02,Test,0.46060875,1
2024-05-03,Test,0.46011162,1
2024-05-04,Test,0.45938754,1
2024-05-05,Test,0.45867956,0
2024-05-06,Test,0.45817617,0
2024-05-07,Test,0.4579409,0
2024-05-08,Test,0.4579755,1
2024-05-09,Test,0.45821026,0
2024-05-10,Test,0.45845827,1
2024-05-11,Test,0.45875293,1
2024-05-12,Test,0.45900294,1
2024-05-13,Test,0.45908764,0
2024-05-14,Test,0.45896024,1
2024-05-15,Test,0.4587399,0
2024-05-16,Test,0.45835188,1
2024-05-17,Test,0.45800284,0
2024-05-18,Test,0.45768976,0
2024-05-19,Test,0.45745793,1
2024-05-20,Test,0.4572948,0
2024-05-21,Test,0.4570723,0
2024-05-22,Test,0.45692387,0
2024-05-23,Test,0.45684367,1
2024-05-24,Test,0.45672315,1
2024-05-25,Test,0.45652628,0
2024-05-26,Test,0.4561965,1
2024-05-27,Test,0.45576596,0
2024-05-28,Test,0.45526272,0
2024-05-29,Test,0.45478708,1
2024-05-30,Test,0.45427105,0
2024-05-31,Test,0.45387483,1
2024-06-01,Test,0.4535664,1
2024-06-02,Test,0.45343372,1
2024-06-03,Test,0.4533684,1
2024-06-04,Test,0.45334297,1
2024-06-05,Test,0.45350415,0
2024-06-06,Test,0.45377645,0
2024-06-07,Test,0.4541996,0
2024-06-08,Test,0.45470324,1
2024-06-09,Test,0.4553203,0
2024-06-10,Test,0.4558771,0
2024-06-11,Test,0.45629004,1
2024-06-12,Test,0.45663902,0
2024-06-13,Test,0.4570019,0
2024-06-14,Test,0.45725563,1
2024-06-15,Test,0.4575129,1
2024-06-16,Test,0.4577008,0
2024-06-17,Test,0.45777777,0
2024-06-18,Test,0.4577697,0
2024-06-19,Test,0.4577786,0
2024-06-20,Test,0.45776582,0
2024-06-21,Test,0.45771712,1
2024-06-22,Test,0.4576798,0
2024-06-23,Test,0.4575962,0
2024-06-24,Test,0.4575061,1
2024-06-25,Test,0.45760655,0
2024-06-26,Test,0.4575702,1
2024-06-27,Test,0.45740417,0
2024-06-28,Test,0.45708734,1
2024-06-29,Test,0.45673424,1
2024-06-30,Test,0.4563062,1
2024-07-01,Test,0.4557045,0
2024-07-02,Test,0.45512834,0
2024-07-03,Test,0.45470792,0
2024-07-04,Test,0.4544759,0
2024-07-05,Test,0.4545171,1
2024-07-06,Test,0.45464376,0
2024-07-07,Test,0.45457646,1
2024-07-08,Test,0.45452955,1
2024-07-09,Test,0.45443755,0
2024-07-10,Test,0.45422179,0
2024-07-11,Test,0.45401976,1
2024-07-12,Test,0.45391017,1
2024-07-13,Test,0.4538854,1
2024-07-14,Test,0.45393878,1
2024-07-15,Test,0.45406175,1
2024-07-16,Test,0.4541965,0
2024-07-17,Test,0.45450163,0
2024-07-18,Test,0.4550187,1
2024-07-19,Test,0.45564455,1
2024-07-20,Test,0.4561159,1
2024-07-21,Test,0.4564747,0
2024-07-22,Test,0.45678908,0
2024-07-23,Test,0.45701712,0
2024-07-24,Test,0.45717365,1
2024-07-25,Test,0.45721486,1
2024-07-26,Test,0.4571264,0
2024-07-27,Test,0.4569154,1
2024-07-28,Test,0.45653874,0
2024-07-29,Test,0.4562048,0
2024-07-30,Test,0.45579028,0
2024-07-31,Test,0.45548698,1
2024-08-01,Test,0.4552615,0
2024-08-02,Test,0.45516428,0
2024-08-03,Test,0.45519623,0
2024-08-04,Test,0.45544556,0
2024-08-05,Test,0.45589054,1
2024-08-06,Test,0.45681944,0
2024-08-07,Test,0.4578264,1
2024-08-08,Test,0.4588139,0
2024-08-09,Test,0.4593857,1
2024-08-10,Test,0.45994243,0
2024-08-11,Test,0.46052,1
2024-08-12,Test,0.46122512,1
2024-08-13,Test,0.46196204,0
2024-08-14,Test,0.46257147,0
2024-08-15,Test,0.46307716,1
2024-08-16,Test,0.46341428,1
2024-08-17,Test,0.46342897,0
2024-08-18,Test,0.46311045,1
2024-08-19,Test,0.46256492,0
2024-08-20,Test,0.46183953,1
2024-08-21,Test,0.46104908,0
2024-08-22,Test,0.46029967,1
2024-08-23,Test,0.459603,1
2024-08-24,Test,0.45892438,1
2024-08-25,Test,0.45848417,0
2024-08-26,Test,0.4582442,0
2024-08-27,Test,0.45815572,0
2024-08-28,Test,0.45818973,1
2024-08-29,Test,0.45835093,0
2024-08-30,Test,0.45845404,0
2024-08-31,Test,0.45846272,0
2024-09-01,Test,0.4584764,1
2024-09-02,Test,0.4586029,0
2024-09-03,Test,0.45867836,1
2024-09-04,Test,0.45882705,0
2024-09-05,Test,0.4590047,0
2024-09-06,Test,0.45935285,1
2024-09-07,Test,0.4598817,1
2024-09-08,Test,0.4604411,1
2024-09-09,Test,0.46086258,1
2024-09-10,Test,0.46110272,0
2024-09-11,Test,0.4612681,1
2024-09-12,Test,0.46145666,1
2024-09-13,Test,0.46166506,0
2024-09-14,Test,0.4617793,0
2024-09-15,Test,0.46187553,0
2024-09-16,Test,0.46199775,1
2024-09-17,Test,0.46209946,1
2024-09-18,Test,0.46212864,1
2024-09-19,Test,0.46210262,1
2024-09-20,Test,0.4619703,1
2024-09-21,Test,0.46188793,1
2024-09-22,Test,0.46182734,0
2024-09-23,Test,0.46178326,1
2024-09-24,Test,0.46166995,0
2024-09-25,Test,0.46155593,1
2024-09-26,Test,0.4613779,1
2024-09-27,Test,0.46115112,1
2024-09-28,Test,0.46081504,0
2024-09-29,Test,0.46043155,0
2024-09-30,Test,0.4599803,0
2024-10-01,Test,0.45940736,0
2024-10-02,Test,0.45882758,1
2024-10-03,Test,0.45833144,1
2024-10-04,Test,0.45785388,1
2024-10-05,Test,0.45734885,1
2024-10-06,Test,0.45682302,0
2024-10-07,Test,0.45634648,0
2024-10-08,Test,0.4560256,0
2024-10-09,Test,0.4559348,0
2024-10-10,Test,0.4560869,1
2024-10-11,Test,0.4564252,1
2024-10-12,Test,0.4567844,0
2024-10-13,Test,0.45715797,1
2024-10-14,Test,0.45765942,1
2024-10-15,Test,0.458265,1
2024-10-16,Test,0.4588988,0
2024-10-17,Test,0.45954305,1
2024-10-18,Test,0.4601885,0
2024-10-19,Test,0.4607044,1
2024-10-20,Test,0.46108595,0
2024-10-21,Test,0.4612874,0
2024-10-22,Test,0.46133024,0
2024-10-23,Test,0.4612703,1
2024-10-24,Test,0.4609901,0
2024-10-25,Test,0.46058872,1
2024-10-26,Test,0.45996562,1
2024-10-27,Test,0.4593352,1
2024-10-28,Test,0.45868737,1
2024-10-29,Test,0.45805132,0
2024-10-30,Test,0.45738354,0
2024-10-31,Test,0.45694304,0
2024-11-01,Test,0.45668474,0
2024-11-02,Test,0.4566336,0
2024-11-03,Test,0.4567,0
2024-11-04,Test,0.45675364,1
2024-11-05,Test,0.45682725,1
2024-11-06,Test,0.45689592,1
2024-11-07,Test,0.45679134,1
2024-11-08,Test,0.45677632,1
2024-11-09,Test,0.45686272,1
2024-11-10,Test,0.45705664,1
2024-11-11,Test,0.4570745,0
2024-11-12,Test,0.4567278,1
2024-11-13,Test,0.45650154,0
2024-11-14,Test,0.45624548,1
2024-11-15,Test,0.4560948,0
2024-11-16,Test,0.45582512,0
2024-11-17,Test,0.45543706,1
2024-11-18,Test,0.45497355,1
2024-11-19,Test,0.45444962,1
2024-11-20,Test,0.4538475,1
2024-11-21,Test,0.4531495,1
2024-11-22,Test,0.4521929,0
2024-11-23,Test,0.45132935,1
2024-11-24,Test,0.45059156,0
2024-11-25,Test,0.4499675,0
2024-11-26,Test,0.44944152,1
2024-11-27,Test,0.44918478,0
2024-11-28,Test,0.449067,1
2024-11-29,Test,0.4489477,0
2024-11-30,Test,0.44887805,1
2024-12-01,Test,0.44889152,0
2024-12-02,Test,0.4490284,1
2024-12-03,Test,0.44925934,1
2024-12-04,Test,0.44971406,0
2024-12-05,Test,0.45030206,1
2024-12-06,Test,0.45070618,1
2024-12-07,Test,0.45131624,1
2024-12-08,Test,0.45184878,0
2024-12-09,Test,0.45222834,0
2024-12-10,Test,0.45254564,1
2024-12-11,Test,0.45294726,0
2024-12-12,Test,0.45325872,1
2024-12-13,Test,0.4534029,0
2024-12-14,Test,0.45347682,1
2024-12-15,Test,0.45347083,1
2024-12-16,Test,0.45332843,1
2024-12-17,Test,0.45299155,0
2024-12-18,Test,0.45263657,0
2024-12-19,Test,0.4524046,1
2024-12-20,Test,0.45229968,0
2024-12-21,Test,0.45240974,0
2024-12-22,Test,0.45255998,0
2024-12-23,Test,0.4527474,1
2024-12-24,Test,0.4529671,1
2024-12-25,Test,0.45306966,0
2024-12-26,Test,0.45310983,0
2024-12-27,Test,0.45323506,1
2024-12-28,Test,0.4535763,0
2024-12-29,Test,0.45398134,0
