Set,LSTM_Probability,Actual
Train,0.49876317,0
Train,0.4983917,0
Train,0.49816042,0
Train,0.49802604,1
Train,0.49793813,1
Train,0.49784404,0
Train,0.49779174,1
Train,0.4977594,1
Train,0.4977325,1
Train,0.49768835,1
Train,0.49784705,1
Train,0.49837604,1
Train,0.49927098,0
Train,0.50059485,0
Train,0.50220656,1
Train,0.50389355,1
Train,0.5055896,1
Train,0.50728,1
Train,0.5089587,0
Train,0.5105044,1
Train,0.5118182,1
Train,0.51286995,0
Train,0.5136157,1
Train,0.5138308,0
Train,0.5133933,1
Train,0.5124483,1
Train,0.51124275,0
Train,0.5099573,0
Train,0.5086963,1
Train,0.50743407,1
Train,0.50614107,0
Train,0.5050918,1
Train,0.50438833,0
Train,0.5041015,0
Train,0.5041245,0
Train,0.50422394,1
Train,0.5042578,0
Train,0.50425494,0
Train,0.5040508,1
Train,0.50360596,1
Train,0.5030234,0
Train,0.5024552,0
Train,0.5019784,0
Train,0.50160444,0
Train,0.501341,1
Train,0.501161,0
Train,0.5010721,1
Train,0.5010557,0
Train,0.5011311,0
Train,0.5013137,0
Train,0.5015274,1
Train,0.50160325,0
Train,0.50154865,0
Train,0.5013444,1
Train,0.50100875,0
Train,0.50053227,1
Train,0.49993452,0
Train,0.49928996,1
Train,0.49868387,1
Train,0.49820042,1
Train,0.49785188,1
Train,0.49775097,0
Train,0.49798512,1
Train,0.49854556,1
Train,0.4993964,1
Train,0.50061566,0
Train,0.5021529,0
Train,0.5038072,0
Train,0.50534105,1
Train,0.5062907,0
Train,0.5065849,0
Train,0.50622034,1
Train,0.5053905,0
Train,0.5043235,1
Train,0.5031996,0
Train,0.5021156,1
Train,0.50118786,1
Train,0.50044185,1
Train,0.49991867,0
Train,0.4996918,0
Train,0.49978966,1
Train,0.500057,1
Train,0.5002867,1
Train,0.50041664,0
Train,0.5004245,1
Train,0.50034964,0
Train,0.5001768,1
Train,0.499863,1
Train,0.49948195,0
Train,0.49920297,1
Train,0.49914455,0
Train,0.49946278,1
Train,0.50024486,1
Train,0.50148916,1
Train,0.50315267,1
Train,0.50516695,0
Train,0.50747126,0
Train,0.5098476,0
Train,0.51210964,1
Train,0.5136807,0
Train,0.51436543,1
Train,0.5142331,1
Train,0.51319647,1
Train,0.51165813,1
Train,0.5100081,1
Train,0.5088302,1
Train,0.5084752,1
Train,0.508971,0
Train,0.5102669,1
Train,0.51201355,0
Train,0.5140839,1
Train,0.51627666,1
Train,0.51847565,0
Train,0.5205404,0
Train,0.5221678,1
Train,0.5230429,1
Train,0.52323526,1
Train,0.5228311,0
Train,0.5219016,0
Train,0.5205814,0
Train,0.5187393,0
Train,0.5164684,0
Train,0.5139029,0
Train,0.51122373,1
Train,0.508569,0
Train,0.5061065,0
Train,0.5039696,0
Train,0.5021988,1
Train,0.50085974,0
Train,0.4998752,1
Train,0.49919423,1
Train,0.49874732,0
Train,0.49848184,0
Train,0.49833265,1
Train,0.4982229,1
Train,0.4981023,1
Train,0.4979671,0
Train,0.4978476,1
Train,0.49788225,0
Train,0.49812773,1
Train,0.49856192,0
Train,0.49927962,1
Train,0.5001581,1
Train,0.5011287,1
Train,0.50230515,0
Train,0.5037225,1
Train,0.50535274,1
Train,0.5072291,0
Train,0.5093378,0
Train,0.51151043,1
Train,0.5135385,1
Train,0.5153103,1
Train,0.5168488,0
Train,0.51814175,1
Train,0.5191899,0
Train,0.5199114,0
Train,0.51971555,0
Train,0.51840615,0
Train,0.5160967,1
Train,0.5132826,1
Train,0.510363,0
Train,0.50760555,1
Train,0.5051985,1
Train,0.5032598,0
Train,0.50180125,1
Train,0.50084543,0
Train,0.50037694,0
Train,0.5004448,1
Train,0.5008765,1
Train,0.5015391,1
Train,0.50228685,1
Train,0.50321114,0
Train,0.5044259,0
Train,0.5059385,0
Train,0.5076312,0
Train,0.50929207,1
Train,0.5105928,1
Train,0.5114388,0
Train,0.5120628,0
Train,0.512602,1
Train,0.5130987,0
Train,0.5136095,0
Train,0.51411104,0
Train,0.5145141,1
Train,0.51458526,1
Train,0.5144435,0
Train,0.5142634,1
Train,0.51410127,1
Train,0.5141346,0
Train,0.51452607,0
Train,0.5153164,0
Train,0.51622546,1
Train,0.5166789,1
Train,0.5165185,1
Train,0.5157646,1
Train,0.51452374,0
Train,0.51315784,0
Train,0.51194674,0
Train,0.51093316,0
Train,0.51011133,1
Train,0.50948966,0
Train,0.5089979,1
Train,0.5086209,0
Train,0.50834966,1
Train,0.50815845,0
Train,0.508057,0
Train,0.5081034,1
Train,0.5081365,1
Train,0.5081572,0
Train,0.5082078,1
Train,0.5080197,0
Train,0.5076609,1
Train,0.5071329,1
Train,0.50659394,0
Train,0.5061209,1
Train,0.5056975,1
Train,0.50538373,1
Train,0.50529087,1
Train,0.5055302,0
Train,0.5062773,0
Train,0.50730944,1
Train,0.5083987,1
Train,0.50940394,0
Train,0.51027095,0
Train,0.51109457,0
Train,0.5115551,0
Train,0.51158214,0
Train,0.51120144,0
Train,0.5105449,1
Train,0.50970554,0
Train,0.5087131,0
Train,0.5075797,1
Train,0.50638217,0
Train,0.5052228,0
Train,0.50407386,0
Train,0.5028919,1
Train,0.50168943,0
Train,0.50048196,1
Train,0.49925256,1
Train,0.49804345,1
Train,0.4969656,0
Train,0.49603996,1
Train,0.4953014,0
Train,0.49475455,0
Train,0.49443895,1
Train,0.49436504,0
Train,0.4945295,0
Train,0.49482015,0
Train,0.49508297,1
Train,0.49526873,1
Train,0.49538225,0
Train,0.49550197,0
Train,0.49569628,1
Train,0.49599925,0
Train,0.49639213,0
Train,0.49685863,0
Train,0.4973353,1
Train,0.4977859,1
Train,0.49820036,1
Train,0.4986205,1
Train,0.49928895,1
Train,0.50040054,0
Train,0.5020803,1
Train,0.50420403,0
Train,0.50653255,1
Train,0.5089356,0
Train,0.51121175,1
Train,0.5130311,0
Train,0.51435554,1
Train,0.51490235,0
Train,0.51485956,1
Train,0.51437026,0
Train,0.51354223,1
Train,0.51230156,1
Train,0.51090807,0
Train,0.5096166,1
Train,0.50853693,0
Train,0.5078591,1
Train,0.5076287,0
Train,0.5081016,1
Train,0.5093653,1
Train,0.51135576,0
Train,0.513849,1
Train,0.515853,0
Train,0.5169116,0
Train,0.51699495,1
Train,0.5162731,0
Train,0.5152324,1
Train,0.5140385,1
Train,0.51287186,0
Train,0.51190466,1
Train,0.5110824,0
Train,0.51060236,0
Train,0.51040745,1
Train,0.51039493,0
Train,0.5103909,1
Train,0.5103319,0
Train,0.5101705,1
Train,0.5099842,0
Train,0.5097184,0
Train,0.5094094,0
Train,0.50894654,1
Train,0.50840163,0
Train,0.5078879,1
Train,0.5074178,1
Train,0.50707483,0
Train,0.50694346,0
Train,0.5070587,1
Train,0.50726366,0
Train,0.50751734,0
Train,0.5077002,1
Train,0.5076652,1
Train,0.5078989,1
Train,0.5086744,0
Train,0.51011884,1
Train,0.5122707,0
Train,0.5148206,0
Train,0.5175029,1
Train,0.5200309,1
Train,0.522187,1
Train,0.52399266,1
Train,0.52545685,1
Train,0.5266993,1
Train,0.5276916,0
Train,0.5285191,1
Train,0.52911377,1
Train,0.5293,0
Train,0.5293637,1
Train,0.5285804,0
Train,0.52698535,0
Train,0.5247234,1
Train,0.5220357,1
Train,0.5191096,1
Train,0.5161853,0
Train,0.51343685,0
Train,0.5109148,1
Train,0.5086174,1
Train,0.5068064,1
Train,0.5056679,0
Train,0.5053647,1
Train,0.50591606,0
Train,0.50722915,0
Train,0.509423,1
Train,0.512081,0
Train,0.5148964,1
Train,0.517557,1
Train,0.51987636,1
Train,0.52192104,0
Train,0.52379614,1
Train,0.5254737,1
Train,0.52700484,1
Train,0.5283514,0
Train,0.5297214,0
Train,0.5307392,1
Train,0.5312743,0
Train,0.5313711,0
Train,0.530833,1
Train,0.5296639,1
Train,0.5278747,0
Train,0.52622455,1
Train,0.52493376,1
Train,0.5241656,0
Train,0.5235398,1
Train,0.5228989,1
Train,0.52224547,1
Train,0.5220379,0
Train,0.52209175,1
Train,0.5222645,1
Train,0.5224236,1
Train,0.52251387,1
Train,0.52254,0
Train,0.52250373,1
Train,0.52228594,0
Train,0.521888,1
Train,0.5211477,1
Train,0.5199844,1
Train,0.51843643,0
Train,0.51654506,1
Train,0.51436865,1
Train,0.51210123,1
Train,0.51004326,1
Train,0.50836253,1
Train,0.50718147,0
Train,0.50663483,1
Train,0.5067371,1
Train,0.5075631,0
Train,0.50907815,0
Train,0.51093996,1
Train,0.51256907,0
Train,0.51363504,1
Train,0.5140863,0
Train,0.5140362,1
Train,0.51362514,1
Train,0.51306057,1
Train,0.51256335,1
Train,0.51243186,1
Train,0.5129563,0
Train,0.5142171,0
Train,0.51609254,1
Train,0.5183319,1
Train,0.52060324,1
Train,0.52295464,1
Train,0.5252184,1
Train,0.5271721,0
Train,0.52861357,1
Train,0.5292169,1
Train,0.52901137,1
Train,0.5281067,0
Train,0.52668864,0
Train,0.52480954,0
Train,0.5224757,1
Train,0.5198752,0
Train,0.51737523,0
Train,0.5151015,0
Train,0.5130871,1
Train,0.51123554,1
Train,0.50958467,1
Train,0.5082743,1
Train,0.50734967,1
Train,0.5069299,0
Train,0.5069876,0
Train,0.50747645,0
Train,0.5083116,1
Train,0.5092555,0
Train,0.5102319,1
Train,0.5111419,0
Train,0.5119987,0
Train,0.51260144,1
Train,0.5126532,0
Train,0.5122455,1
Train,0.51147056,0
Train,0.5105891,0
Train,0.50976557,1
Train,0.508942,0
Train,0.5082867,1
Train,0.50779223,1
Train,0.507547,1
Train,0.50765234,1
Train,0.50837004,1
Train,0.50979507,1
Train,0.5117242,0
Train,0.5139183,1
Train,0.5160568,1
Train,0.51794815,1
Train,0.51952696,1
Train,0.5207014,1
Train,0.52133274,1
Train,0.5214733,1
Train,0.5210909,1
Train,0.5203426,0
Train,0.519135,1
Train,0.51738095,0
Train,0.5153154,0
Train,0.51307774,0
Train,0.51070786,1
Train,0.50825554,1
Train,0.50588644,0
Train,0.5037992,0
Train,0.5020627,1
Train,0.5007076,1
Train,0.4997308,1
Train,0.49916074,1
Train,0.4990772,0
Train,0.49955463,0
Train,0.5005616,1
Train,0.5018923,0
Train,0.5033349,0
Train,0.5046884,1
Train,0.505686,0
Train,0.5063108,1
Train,0.5065005,1
Train,0.50639284,0
Train,0.50618744,1
Train,0.5059897,0
Train,0.5059017,0
Train,0.50596625,0
Train,0.50616086,0
Train,0.50641054,1
Train,0.50664085,0
Train,0.50674915,0
Train,0.5067439,1
Train,0.5064953,0
Train,0.50598216,1
Train,0.50525534,1
Train,0.50441396,1
Train,0.5036781,1
Train,0.5032151,1
Train,0.50322163,1
Train,0.5038482,1
Train,0.50509226,0
Train,0.5068302,1
Train,0.5086665,1
Train,0.51043445,0
Train,0.5120007,0
Train,0.5132916,1
Train,0.5140828,0
Train,0.51429814,0
Train,0.5139932,0
Train,0.51296616,1
Train,0.51123583,1
Train,0.5091877,0
Train,0.5070669,1
Train,0.50511575,1
Train,0.50342,0
Train,0.5020759,0
Train,0.5011519,0
Train,0.50057244,1
Train,0.5002456,0
Train,0.5001237,0
Train,0.5001382,1
Train,0.50022626,0
Train,0.50037,0
Train,0.5005541,0
Train,0.50061643,1
Train,0.50051665,1
Train,0.500271,1
Train,0.49994564,1
Train,0.4995966,1
Train,0.49941328,0
Train,0.4996218,0
Train,0.50036395,0
Train,0.50161254,1
Train,0.5031302,0
Train,0.5047651,0
Train,0.50635916,0
Train,0.50772655,1
Train,0.5087012,1
Train,0.5091965,0
Train,0.5093981,0
Train,0.5093347,0
Train,0.5090432,0
Train,0.508592,0
Train,0.5079842,0
Train,0.50728416,1
Train,0.50655913,0
Train,0.50599015,0
Train,0.505653,1
Train,0.5053783,0
Train,0.5051451,0
Train,0.50476956,0
Train,0.5042056,0
Train,0.5034366,1
Train,0.5025213,0
Train,0.5015426,0
Train,0.50052977,1
Train,0.49951035,1
Train,0.49852225,1
Train,0.49758577,0
Train,0.49667174,0
Train,0.49580947,0
Train,0.49503285,0
Train,0.49437773,1
Train,0.49385855,0
Train,0.49338824,1
Train,0.49311695,0
Train,0.4931143,0
Train,0.49353197,1
Train,0.49425352,0
Train,0.49515453,1
Train,0.49613518,0
Train,0.49716178,0
Train,0.4981596,1
Train,0.49899912,0
Train,0.49965847,1
Train,0.50011927,1
Train,0.5004332,1
Train,0.50077343,0
Train,0.50126576,0
Train,0.5019283,0
Train,0.5026376,1
Train,0.503247,1
Train,0.50409716,1
Train,0.50519884,0
Train,0.5065286,1
Train,0.50803125,0
Train,0.50958,0
Train,0.5109957,1
Train,0.51212,1
Train,0.51291597,0
Train,0.51337504,1
Train,0.51341665,0
Train,0.5131694,1
Train,0.5126264,0
Train,0.51201844,0
Train,0.5112834,1
Train,0.5100175,1
Train,0.5084084,0
Train,0.50673723,1
Train,0.50509894,0
Train,0.5035698,0
Train,0.50221694,0
Train,0.5010691,1
Train,0.5001246,1
Train,0.49940673,0
Train,0.49890777,0
Train,0.4985804,0
Train,0.49837932,0
Train,0.49824858,0
Train,0.49819744,1
Train,0.49819258,0
Train,0.49826023,1
Train,0.4983404,1
Train,0.4983491,1
Train,0.49832907,0
Train,0.49825853,1
Train,0.4982132,0
Train,0.49826422,0
Train,0.49843732,0
Train,0.4986966,0
Train,0.49903598,0
Train,0.4993979,1
Train,0.49970374,1
Train,0.50000024,1
Train,0.5003626,1
Train,0.5008186,0
Train,0.5014261,0
Train,0.502035,0
Train,0.502553,1
Train,0.50276923,1
Train,0.50276,0
Train,0.50259006,1
Train,0.50235814,0
Train,0.502213,0
Train,0.50214356,1
Train,0.50213385,0
Train,0.5023614,1
Train,0.50298965,0
Train,0.5040666,1
Train,0.5055778,0
Train,0.5075284,0
Train,0.50975704,0
Train,0.51200044,0
Train,0.5140215,1
Train,0.5156125,1
Train,0.5167626,1
Train,0.5173882,0
Train,0.5176077,0
Train,0.51743424,1
Train,0.51684594,0
Train,0.5155306,1
Train,0.513816,1
Train,0.5122347,1
Train,0.5111472,1
Train,0.5106744,1
Train,0.5110374,0
Train,0.51221263,0
Train,0.5138364,1
Train,0.5154557,0
Train,0.51693344,1
Train,0.5180645,0
Train,0.5189022,1
Train,0.51942843,0
Train,0.5197528,0
Train,0.52003187,1
Train,0.52012575,1
Train,0.5200033,0
Train,0.51980567,0
Train,0.51939493,1
Train,0.5185065,0
Train,0.5173513,0
Train,0.5160407,1
Train,0.51450324,0
Train,0.5127008,1
Train,0.5107877,1
Train,0.5089565,1
Train,0.507494,0
Train,0.50665736,1
Train,0.5066183,0
Train,0.50736964,1
Train,0.50872153,0
Train,0.51050365,0
Train,0.5125002,0
Train,0.51447916,1
Train,0.51616687,1
Train,0.5175948,1
Train,0.51878315,1
Train,0.51975095,1
Train,0.52048725,0
Train,0.5209837,1
Train,0.52101135,1
Train,0.52083606,0
Train,0.5205282,1
Train,0.51999205,0
Train,0.5193813,1
Train,0.5183723,0
Train,0.51695883,1
Train,0.51518726,0
Train,0.5134349,0
Train,0.5115038,1
Train,0.50952804,0
Train,0.5077304,1
Train,0.5062022,0
Train,0.505121,0
Train,0.5044459,0
Train,0.50405073,0
Train,0.5038382,0
Train,0.50378215,0
Train,0.5038092,0
Train,0.5038647,1
Train,0.5038493,0
Train,0.50377285,0
Train,0.5036604,1
Train,0.50350726,1
Train,0.50338566,0
Train,0.5034119,0
Train,0.5036113,0
Train,0.5038259,0
Train,0.5038754,1
Train,0.50376195,0
Train,0.50348043,1
Train,0.5030687,0
Train,0.50258577,1
Train,0.5020777,0
Train,0.5015452,1
Train,0.5009297,1
Train,0.5002756,1
Train,0.49954256,1
Train,0.49875,0
Train,0.49801406,0
Train,0.49738252,1
Train,0.4969115,1
Train,0.49659184,0
Train,0.4964559,1
Train,0.4965134,0
Train,0.49694878,0
Train,0.49766773,0
Train,0.49858963,1
Train,0.49946582,1
Train,0.5002152,1
Train,0.5008576,1
Train,0.5015007,0
Train,0.50219595,1
Train,0.50301456,0
Train,0.50406075,1
Train,0.50531495,0
Train,0.5068314,1
Train,0.50855684,0
Train,0.5104921,0
Train,0.5124335,0
Train,0.5141183,1
Train,0.51525116,0
Train,0.515834,0
Train,0.5156709,0
Train,0.51498175,1
Train,0.51370984,0
Train,0.5124554,1
Train,0.51148415,0
Train,0.51107365,0
Train,0.5112608,0
Train,0.51176775,1
Train,0.512372,1
Train,0.5131707,1
Train,0.5143248,1
Train,0.5158342,1
Train,0.5175654,1
Train,0.5194208,1
Train,0.5213692,1
Train,0.5232329,0
Train,0.52483374,1
Train,0.5256497,1
Train,0.52576953,0
Train,0.5252795,1
Train,0.52431095,1
Train,0.52307,1
Train,0.52157354,1
Train,0.51999134,0
Train,0.5184491,0
Train,0.5170248,0
Train,0.51568925,0
Train,0.5141325,1
Train,0.512276,1
Train,0.51028,1
Train,0.5082871,0
Train,0.5066519,1
Train,0.50540733,1
Train,0.5045881,1
Train,0.5042596,1
Train,0.5044409,0
Train,0.50516003,0
Train,0.5062896,1
Train,0.507473,1
Train,0.5085602,0
Train,0.50946116,1
Train,0.5099592,0
Train,0.5100014,1
Train,0.50960815,1
Train,0.50905037,0
Train,0.5086515,1
Train,0.50867385,0
Train,0.50930464,1
Train,0.5104215,0
Train,0.5121182,1
Train,0.5139663,1
Train,0.51571274,0
Train,0.5172691,0
Train,0.5183799,1
Train,0.51891065,1
Train,0.51889956,1
Train,0.5184159,1
Train,0.5175915,0
Train,0.5165055,1
Train,0.51494366,0
Train,0.51310205,0
Train,0.5112187,1
Train,0.5094427,1
Train,0.5078646,0
Train,0.5066885,0
Train,0.5058895,0
Train,0.5053663,1
Train,0.50500417,0
Train,0.5047183,1
Train,0.50445306,0
Train,0.50442946,0
Train,0.5047416,0
Train,0.505193,0
Train,0.5055691,0
Train,0.505671,1
Train,0.5053842,1
Train,0.50474787,0
Train,0.50400704,1
Train,0.50316346,0
Train,0.50241786,0
Train,0.50180185,1
Train,0.5012773,0
Train,0.50090384,1
Train,0.5007119,0
Train,0.5008168,1
Train,0.501311,0
Train,0.5023654,1
Train,0.5038159,0
Train,0.5055154,1
Train,0.50721085,0
Train,0.5087813,0
Train,0.5101019,0
Train,0.5111441,0
Train,0.5117692,1
Train,0.5118969,1
Train,0.511588,1
Train,0.511004,0
Train,0.5102973,1
Train,0.5095654,1
Train,0.5092504,1
Train,0.5095986,0
Train,0.5107464,1
Train,0.51243305,1
Train,0.51450443,1
Train,0.5166894,0
Train,0.5186852,1
Train,0.5202061,1
Train,0.5212334,1
Train,0.5216958,1
Train,0.5216347,0
Train,0.5211369,1
Train,0.5199678,0
Train,0.518358,1
Train,0.5161731,1
Train,0.5139019,0
Train,0.5116238,1
Train,0.5095221,0
Train,0.5075819,1
Train,0.50584906,0
Train,0.50434864,1
Train,0.50300694,1
Train,0.50179446,0
Train,0.5007901,1
Train,0.50003254,1
Train,0.4995586,1
Train,0.49944222,0
Train,0.49968362,0
Train,0.5002108,1
Train,0.5008446,0
Train,0.50154144,1
Train,0.5021635,0
Train,0.5026705,1
Train,0.5030573,0
Train,0.5033885,1
Train,0.5035701,0
Train,0.5036346,1
Train,0.50358427,0
Train,0.5035566,1
Train,0.50363517,0
Train,0.5039012,1
Train,0.5044738,0
Train,0.50555146,0
Train,0.5067664,1
Train,0.5076672,0
Train,0.5081245,1
Train,0.5081005,1
Train,0.5076364,0
Train,0.50686574,1
Train,0.505843,1
Train,0.50470084,1
Train,0.5035088,1
Train,0.50234425,0
Train,0.50131416,1
Train,0.50049853,1
Train,0.50002635,1
Train,0.49994072,0
Train,0.500227,0
Train,0.5009887,1
Train,0.5020983,0
Train,0.503495,0
Train,0.50499433,1
Train,0.5061978,0
Train,0.50693256,1
Train,0.507051,0
Train,0.50678056,1
Train,0.50638235,1
Train,0.50602126,0
Train,0.5058706,1
Train,0.50591314,0
Train,0.506307,0
Train,0.50699985,0
Train,0.50775284,0
Train,0.50851166,1
Train,0.50904834,1
Train,0.5094674,0
Train,0.5099242,1
Train,0.5102439,1
Train,0.51048416,1
Train,0.51078546,1
Train,0.5113859,1
Train,0.5122307,1
Train,0.5132716,0
Train,0.51441944,1
Train,0.5154025,1
Train,0.51615787,0
Train,0.51667666,1
Train,0.51680577,1
Train,0.5165672,1
Train,0.5159681,1
Train,0.51521647,1
Train,0.5145134,1
Train,0.5137036,0
Train,0.5128759,1
Train,0.51206815,0
Train,0.5113195,1
Train,0.51058745,1
Train,0.50983167,0
Train,0.5091355,1
Train,0.508355,1
Train,0.5074811,1
Train,0.5066338,0
Train,0.505811,0
Train,0.50502884,1
Train,0.50425744,1
Train,0.5035541,1
Train,0.5030071,0
Train,0.5026605,0
Train,0.50247025,1
Train,0.5023148,0
Train,0.5022329,0
Train,0.5022017,1
Train,0.50220823,1
Train,0.5023689,1
Train,0.50265145,0
Train,0.50308347,0
Train,0.5035924,1
Train,0.5041269,1
Train,0.50467175,1
Train,0.5051661,1
Train,0.5055575,1
Train,0.5058035,1
Train,0.5059841,0
Train,0.5061255,0
Train,0.5061232,1
Train,0.5060035,0
Train,0.5058381,0
Train,0.5055634,0
Train,0.50505996,1
Train,0.5043475,1
Train,0.503531,1
Train,0.5027065,0
Train,0.50203836,1
Train,0.5015779,1
Train,0.50136924,0
Train,0.5014509,1
Train,0.50169885,1
Train,0.50209033,0
Train,0.5026616,0
Train,0.5033298,1
Train,0.50390625,0
Train,0.50435185,0
Train,0.50457746,1
Train,0.50449586,1
Train,0.5042033,1
Train,0.50388825,1
Train,0.50371057,1
Train,0.50386757,1
Train,0.5043259,1
Train,0.50490975,1
Train,0.50551003,0
Train,0.5059972,0
Train,0.50629306,1
Train,0.50633466,0
Train,0.50617373,1
Train,0.50575566,1
Train,0.50517726,1
Train,0.50450504,0
Train,0.5037415,1
Train,0.5028535,1
Train,0.501908,1
Train,0.5008987,1
Train,0.4998973,1
Train,0.4989655,1
Train,0.4981418,1
Train,0.49738845,0
Train,0.49667433,1
Train,0.49599236,1
Train,0.49535716,1
Train,0.49479672,1
Train,0.49426463,0
Train,0.49376553,0
Train,0.49333706,0
Train,0.49298424,0
Train,0.49274552,1
Train,0.49264082,1
Train,0.49261156,0
Train,0.49263155,0
Train,0.49273843,0
Train,0.49292758,1
Train,0.49319124,0
Train,0.49347582,0
Train,0.49379024,0
Train,0.4941393,1
Train,0.49455327,0
Train,0.49496254,1
Train,0.49537683,1
Train,0.49572152,1
Train,0.49594393,0
Train,0.49607068,1
Train,0.49610868,1
Train,0.4960206,0
Train,0.4958012,0
Train,0.49553734,1
Train,0.49525785,1
Train,0.49495646,1
Train,0.4946214,0
Train,0.49426898,1
Train,0.49390477,1
Train,0.4935847,0
Train,0.49330193,1
Train,0.49305624,1
Train,0.49277255,0
Train,0.4924498,1
Train,0.4921126,0
Train,0.4917436,0
Train,0.49134034,1
Train,0.49095133,0
Train,0.49054357,1
Train,0.49015537,1
Train,0.4897784,0
Train,0.4893903,1
Train,0.48899958,1
Train,0.48861971,1
Train,0.48825097,0
Train,0.48789358,0
Train,0.4876389,1
Train,0.48756114,0
Train,0.4875828,0
Train,0.4877516,0
Train,0.48786926,0
Train,0.48811194,1
Train,0.48845935,0
Train,0.48879275,1
Train,0.4891224,0
Train,0.48939794,1
Train,0.4896617,0
Train,0.4899188,1
Train,0.49017662,1
Train,0.490399,1
Train,0.49055925,1
Train,0.49062616,1
Train,0.49063757,0
Train,0.49055094,1
Train,0.49030015,0
Train,0.4900519,0
Train,0.48976156,1
Train,0.48949516,1
Train,0.48921958,0
Train,0.48892206,1
Train,0.48862812,0
Train,0.48834258,0
Train,0.48807034,0
Train,0.48782566,1
Train,0.48767224,0
Train,0.48757693,0
Train,0.48754594,1
Train,0.48754755,1
Train,0.48749882,0
Train,0.4874304,1
Train,0.48735398,1
Train,0.48722938,1
Train,0.48709238,1
Train,0.48700404,1
Train,0.48694763,0
Train,0.48692867,1
Train,0.48697275,1
Train,0.4870497,0
Train,0.4871191,0
Train,0.48719823,1
Train,0.48730457,0
Train,0.48734894,1
Train,0.48733974,1
Train,0.4872475,0
Train,0.48707744,1
Train,0.4868702,0
Train,0.48661774,1
Train,0.48637822,0
Train,0.48616272,0
Train,0.486009,0
Train,0.48592046,0
Train,0.4859479,1
Train,0.48605794,0
Train,0.48620287,0
Train,0.4863901,0
Train,0.48660648,0
Train,0.48679936,0
Train,0.4869864,1
Train,0.48715308,1
Train,0.48718148,0
Train,0.4870822,0
Train,0.48687744,1
Train,0.486653,1
Train,0.48635444,0
Train,0.486056,1
Train,0.48577285,0
Train,0.48552632,1
Train,0.48538944,0
Train,0.48525333,1
Train,0.48515916,1
Train,0.4850682,0
Train,0.484982,0
Train,0.48491606,1
Train,0.4849386,0
Train,0.4850109,1
Train,0.48524338,1
Train,0.4855134,0
Train,0.48581827,0
Train,0.48617122,0
Train,0.48649588,0
Train,0.48680413,0
Train,0.4870611,1
Train,0.48727608,0
Train,0.48740283,1
Train,0.4874969,0
Train,0.48755357,1
Train,0.48759234,0
Train,0.48751906,1
Train,0.48735768,0
Train,0.48704675,0
Train,0.48666212,0
Train,0.48630404,1
Train,0.4859784,1
Train,0.48567194,0
Train,0.48532155,1
Train,0.48498508,1
Train,0.48462626,0
Train,0.48424655,0
Train,0.48391533,1
Train,0.48370174,0
Train,0.48355076,0
Train,0.4835434,1
Train,0.48358208,0
Train,0.48356074,1
Train,0.48355007,0
Train,0.48354766,1
Train,0.48363072,1
Train,0.48373365,1
Train,0.4838835,0
Train,0.48411423,0
Train,0.48445642,0
Train,0.4849048,0
Train,0.48545542,1
Train,0.4860352,0
Train,0.48655653,1
Train,0.48705527,1
Train,0.4874558,1
Train,0.48776668,0
Train,0.48799092,1
Train,0.48819095,1
Train,0.48833615,0
Train,0.48841044,1
Train,0.48840562,0
Train,0.4883564,0
Train,0.48831683,1
Train,0.4883501,1
Train,0.48840582,1
Train,0.48845896,0
Train,0.48848194,1
Train,0.48847455,0
Train,0.4884466,0
Train,0.48842692,1
Train,0.48840734,0
Train,0.4883215,1
Train,0.4882107,0
Train,0.48809427,0
Train,0.4880284,1
Train,0.4880308,0
Train,0.4880626,0
Train,0.48814097,1
Train,0.48825285,1
Train,0.48836643,0
Train,0.48844832,0
Train,0.488485,1
Train,0.48850375,1
Train,0.48841083,1
Train,0.48826215,1
Train,0.4880892,1
Train,0.4879694,1
Train,0.4879699,1
Train,0.48802182,1
Train,0.48810607,1
Train,0.488198,1
Train,0.48826838,0
Train,0.4883076,0
Train,0.48834956,0
Train,0.48841903,0
Train,0.48848712,1
Train,0.4885735,1
Train,0.4886056,1
Train,0.4885692,1
Train,0.48846474,0
Train,0.4883119,1
Train,0.48817596,0
Train,0.4880066,1
Train,0.48787916,0
Train,0.4877877,1
Train,0.48774308,0
Train,0.48772314,0
Train,0.48776153,0
Train,0.48783645,0
Train,0.48795465,1
Train,0.4881227,1
Train,0.4883196,1
Train,0.48844913,0
Train,0.48848593,1
Train,0.48848993,1
Train,0.48847547,0
Train,0.48846605,1
Train,0.48849875,0
Train,0.48853078,1
Train,0.48859948,0
Train,0.48866728,0
Train,0.48874283,0
Train,0.488823,1
Train,0.48894334,1
Train,0.48904878,1
Train,0.48908067,1
Train,0.48905635,0
Train,0.48901603,1
Train,0.48899305,1
Train,0.48898488,0
Train,0.48901027,0
Train,0.48912737,1
Train,0.48931813,0
Train,0.4895112,1
Train,0.48973373,1
Train,0.48991388,0
Train,0.49001524,1
Train,0.49003246,1
Train,0.48992443,0
Train,0.48972148,0
Train,0.48944426,1
Train,0.48915038,0
Train,0.4888476,0
Train,0.48861,0
Train,0.48851794,1
Train,0.48847872,1
Train,0.48843786,0
Train,0.48835352,0
Train,0.48826084,1
Train,0.48814648,0
Train,0.48800072,0
Train,0.48783377,1
Train,0.48769265,1
Train,0.48754787,1
Train,0.48732215,0
Train,0.48702386,1
Train,0.48675695,1
Train,0.48655495,1
Train,0.48639017,1
Train,0.48625058,0
Train,0.48613322,1
Train,0.48607406,1
Train,0.48602048,0
Train,0.48597327,1
Train,0.48593712,0
Train,0.48586133,1
Train,0.48578689,0
Train,0.48568964,1
Train,0.48558566,0
Train,0.48545668,1
Train,0.48533025,1
Train,0.48517546,1
Train,0.48498076,1
Train,0.4847564,0
Train,0.48454154,0
Train,0.48441145,1
Train,0.4843747,0
Train,0.48440057,1
Train,0.48448342,0
Train,0.48454678,0
Train,0.48465514,1
Train,0.48482054,1
Train,0.4849497,0
Train,0.48503658,0
Train,0.4850762,0
Train,0.48511058,1
Train,0.4851721,0
Train,0.48522758,0
Train,0.48532233,0
Train,0.4854728,1
Train,0.4856786,1
Train,0.48592043,1
Train,0.4861165,0
Train,0.486239,0
Train,0.48630607,0
Train,0.48635337,0
Train,0.48639375,1
Train,0.4864407,1
Train,0.48645583,0
Train,0.4864318,0
Train,0.48642817,1
Train,0.48647684,0
Train,0.48652977,1
Train,0.4866196,1
Train,0.48668432,0
Train,0.48669627,0
Train,0.48668158,1
Train,0.48669332,0
Train,0.4866629,1
Train,0.48661593,0
Train,0.48650885,1
Train,0.48642024,1
Train,0.4863121,1
Train,0.4861319,0
Train,0.4858833,1
Train,0.48559907,0
Train,0.48532152,0
Train,0.48507705,0
Train,0.4849494,1
Train,0.48492524,1
Train,0.48499072,1
Train,0.4850833,0
Train,0.48517355,0
Train,0.4852436,0
Train,0.48533475,1
Train,0.48540995,1
Train,0.48542622,0
Train,0.4853626,0
Train,0.48532,1
Train,0.48528504,0
Train,0.4851737,0
Train,0.4850402,1
Train,0.48491144,0
Train,0.48476028,1
Train,0.4845867,1
Train,0.48438564,0
Train,0.48409274,1
Train,0.48376942,1
Train,0.4834177,0
Train,0.48312175,1
Train,0.4829412,0
Train,0.48286808,0
Train,0.48287192,0
Train,0.4830348,1
Train,0.48334056,0
Train,0.48368153,1
Train,0.48404402,0
Train,0.48433682,0
Train,0.48457977,0
Train,0.48479933,0
Train,0.48500738,0
Train,0.48519608,0
Train,0.48538822,1
Train,0.4855461,1
Train,0.485688,0
Train,0.48579758,1
Train,0.48584047,1
Train,0.48578635,0
Train,0.48563597,1
Train,0.4854304,1
Train,0.48515943,0
Train,0.48489195,0
Train,0.48463917,1
Train,0.4844401,0
Train,0.48429757,0
Train,0.48424116,0
Train,0.48429573,0
Train,0.48440015,1
Train,0.4845587,1
Train,0.48468938,1
Train,0.48475075,0
Train,0.48476636,1
Train,0.48474997,1
Train,0.4847049,1
Train,0.48464167,0
Train,0.48456517,1
Train,0.48447195,1
Train,0.484365,0
Train,0.48429498,1
Train,0.48436758,1
Train,0.48451236,0
Train,0.48456547,1
Train,0.4845935,1
Train,0.48462045,1
Train,0.48464817,1
Train,0.4847145,0
Train,0.48481753,0
Train,0.48495913,0
Train,0.48514894,0
Train,0.4853562,1
Train,0.48558536,1
Train,0.48579055,0
Train,0.48589644,0
Train,0.48593763,0
Train,0.486036,1
Train,0.48614514,0
Train,0.48622948,0
Train,0.48632655,1
Train,0.4864376,0
Train,0.48650596,1
Train,0.4865754,1
Train,0.48658848,0
Train,0.48657426,0
Train,0.4865508,1
Train,0.48657262,1
Train,0.48656517,0
Train,0.48659247,0
Train,0.48666564,0
Train,0.48679367,1
Train,0.48701692,0
Train,0.4872905,0
Train,0.487585,1
Train,0.4878441,1
Train,0.4880214,0
Train,0.48804182,0
Train,0.48802003,1
Train,0.48798656,0
Train,0.48794737,1
Train,0.48793778,0
Train,0.4879215,1
Train,0.4879286,0
Train,0.48790005,1
Train,0.4878952,1
Train,0.4879057,0
Train,0.48798773,0
Train,0.48813975,1
Train,0.48831227,1
Train,0.4884724,1
Train,0.4886264,1
Train,0.4887242,1
Train,0.48878664,1
Train,0.48881763,1
Train,0.48876408,1
Train,0.4886788,0
Train,0.48852974,0
Train,0.48833832,1
Train,0.48816484,0
Train,0.48795903,1
Train,0.48777825,1
Train,0.48758155,0
Train,0.48737183,0
Train,0.48721257,1
Train,0.48715615,0
Train,0.4871014,1
Train,0.48707956,0
Train,0.48706096,0
Train,0.48705703,1
Train,0.48707813,1
Train,0.48709944,0
Train,0.4871004,1
Train,0.48711425,0
Train,0.48710364,0
Train,0.4870782,1
Train,0.48705643,1
Train,0.48697436,0
Train,0.48683852,0
Train,0.48665953,0
Train,0.48654282,0
Train,0.4865001,0
Train,0.486517,1
Train,0.4865461,0
Train,0.48648995,1
Train,0.48647147,1
Train,0.48642734,0
Train,0.48634318,0
Train,0.4862984,1
Train,0.48629916,1
Train,0.48627585,0
Train,0.4862305,1
Train,0.4862198,0
Train,0.48614508,0
Train,0.48614627,0
Train,0.48621818,0
Train,0.48635373,0
Train,0.4865212,1
Train,0.4867093,0
Train,0.48686922,1
Train,0.48703855,1
Train,0.4871744,1
Train,0.4872732,1
Train,0.4872988,0
Train,0.48723024,1
Train,0.48712063,0
Train,0.48696086,1
Train,0.486818,0
Train,0.4866217,1
Train,0.4864398,1
Train,0.48631677,0
Train,0.48617435,1
Train,0.48607326,0
Train,0.4859651,0
Train,0.48583296,0
Train,0.48570308,1
Train,0.48560658,1
Train,0.48552418,1
Train,0.48546612,1
Train,0.48540208,0
Train,0.48543876,1
Train,0.48564455,0
Train,0.48595715,1
Train,0.4863698,1
Train,0.48684198,1
Train,0.48733017,0
Train,0.48775655,0
Train,0.4881856,0
Train,0.48863026,0
Train,0.48902726,0
Train,0.48937142,0
Train,0.489633,0
Train,0.4898444,0
Train,0.49004683,1
Train,0.49026093,0
Train,0.4904151,1
Train,0.49060285,0
Train,0.49072665,1
Train,0.49076465,1
Train,0.49068794,1
Train,0.4905023,0
Train,0.49020824,1
Train,0.4898328,1
Train,0.48937583,1
Train,0.48885453,0
Train,0.4883076,0
Train,0.48780432,0
Train,0.48741457,0
Train,0.4871984,0
Train,0.4871049,0
Train,0.4870344,0
Train,0.48695093,1
Train,0.48682663,1
Train,0.4866914,0
Train,0.48654687,1
Train,0.48645464,1
Train,0.48644873,1
Train,0.48661932,0
Train,0.48703378,0
Train,0.48770556,0
Train,0.4885874,0
Train,0.4895746,1
Train,0.49054196,1
Train,0.4913768,1
Train,0.492049,1
Train,0.49260303,0
Train,0.49306872,1
Train,0.4935496,1
Train,0.49404493,0
Train,0.49459818,0
Train,0.49517494,0
Train,0.4957905,0
Train,0.49634466,1
Train,0.49682876,0
Train,0.4971928,0
Train,0.49739835,1
Train,0.49741015,1
Train,0.49724227,0
Train,0.49699342,0
Train,0.496778,0
Train,0.49665573,0
Train,0.49661255,0
Train,0.49663544,0
Train,0.49669078,0
Train,0.49676087,1
Train,0.4968191,0
Train,0.49685222,1
Train,0.49685508,1
Train,0.49680698,0
Train,0.49671462,1
Train,0.4966052,1
Train,0.49650863,1
Train,0.4964638,1
Train,0.4965332,0
Train,0.4967393,0
Train,0.49702927,0
Train,0.49733734,0
Train,0.49759245,0
Train,0.49770153,0
Train,0.49763632,1
Train,0.49740276,1
Train,0.49703524,0
Train,0.49656475,1
Train,0.4960047,0
Train,0.4954446,1
Train,0.4949088,0
Train,0.49441677,0
Train,0.49399036,0
Train,0.4936213,1
Train,0.49329072,0
Train,0.49294302,1
Train,0.49262464,1
Train,0.49230745,0
Train,0.4919969,0
Train,0.49171802,1
Train,0.49146825,0
Train,0.49121967,0
Train,0.49099293,1
Train,0.49079636,1
Train,0.490629,1
Train,0.49050584,1
Train,0.49044815,1
Train,0.49061382,1
Train,0.4910387,0
Train,0.49169528,0
Train,0.4924644,0
Train,0.49322215,1
Train,0.49388283,1
Train,0.49436516,0
Train,0.4946937,1
Train,0.4948817,0
Train,0.49491176,0
Train,0.49484813,1
Train,0.49470916,0
Train,0.4945534,0
Train,0.49443543,0
Train,0.49444214,1
Train,0.49455854,0
Train,0.49473536,1
Train,0.49493396,1
Train,0.4951805,0
Train,0.49547443,0
Train,0.4957994,0
Train,0.49611476,1
Train,0.49632585,1
Train,0.49643946,0
Train,0.49655914,0
Train,0.49677065,0
Train,0.49704778,0
Train,0.49736768,1
Train,0.4976209,0
Train,0.49774683,0
Train,0.49770334,1
Train,0.49746922,1
Train,0.4970942,0
Train,0.49666482,0
Train,0.49628198,1
Train,0.49602094,1
Train,0.49583003,0
Train,0.4957994,0
Train,0.49594024,0
Train,0.4962297,1
Train,0.49663088,1
Train,0.49706233,1
Train,0.49749124,0
Train,0.49793017,1
Train,0.49837923,1
Train,0.49886298,0
Train,0.49942276,1
Train,0.499972,1
Train,0.50049853,0
Train,0.5010084,0
Train,0.5014256,0
Train,0.50171113,0
Train,0.5018865,1
Train,0.50184995,1
Train,0.501599,1
Train,0.5011947,0
Train,0.5007888,0
Train,0.5003475,0
Train,0.4998397,0
Train,0.49916273,1
Train,0.49841142,0
Train,0.49769616,0
Train,0.49702546,0
Train,0.49642634,1
Train,0.49589735,1
Train,0.49536896,0
Train,0.4948311,1
Train,0.49428156,1
Train,0.49372968,1
Train,0.4931873,0
Train,0.492713,0
Train,0.4923208,1
Train,0.49197382,1
Train,0.4916016,0
Train,0.49125156,0
Train,0.49096557,0
Train,0.49080458,0
Train,0.4907833,0
Train,0.49085385,1
Train,0.49099946,1
Train,0.49124157,0
Train,0.4916403,1
Train,0.49225134,0
Train,0.49307922,1
Train,0.49407437,0
Train,0.49520653,1
Train,0.4964022,0
Train,0.49758768,1
Train,0.49859545,0
Train,0.49958572,0
Train,0.50047606,0
Train,0.50122523,1
Train,0.5017625,1
Train,0.5021949,1
Train,0.5025702,0
Train,0.50275254,0
Train,0.50272536,1
Validation,0.4982538,1
Validation,0.49862278,1
Validation,0.4988536,0
Validation,0.4989549,1
Validation,0.4989665,0
Validation,0.49900982,1
Validation,0.49918965,1
Validation,0.49955505,1
Validation,0.50014216,1
Validation,0.5009483,1
Validation,0.5018382,1
Validation,0.50282466,1
Validation,0.50385225,1
Validation,0.5047838,1
Validation,0.5055207,0
Validation,0.50605077,1
Validation,0.50629556,0
Validation,0.50616866,0
Validation,0.5058455,1
Validation,0.50516534,1
Validation,0.5042994,1
Validation,0.5032841,0
Validation,0.5022038,1
Validation,0.5010707,0
Validation,0.49995324,1
Validation,0.49882415,0
Validation,0.4977408,1
Validation,0.49678385,0
Validation,0.49598634,1
Validation,0.49534103,0
Validation,0.49486068,1
Validation,0.4945248,1
Validation,0.49427193,0
Validation,0.49410248,0
Validation,0.4940229,0
Validation,0.4940016,0
Validation,0.49401432,0
Validation,0.4940242,1
Validation,0.4939866,0
Validation,0.49390563,0
Validation,0.49379495,0
Validation,0.49368104,1
Validation,0.4935728,0
Validation,0.49350047,1
Validation,0.49346557,1
Validation,0.49347246,1
Validation,0.49349886,0
Validation,0.49365175,1
Validation,0.4940303,1
Validation,0.49463078,0
Validation,0.49544564,1
Validation,0.4963712,0
Validation,0.49734756,0
Validation,0.49828994,0
Validation,0.49911422,0
Validation,0.4997604,0
Validation,0.50013536,1
Validation,0.5001924,0
Validation,0.4999826,0
Validation,0.49951705,1
Validation,0.49886006,0
Validation,0.49807596,0
Validation,0.49725372,0
Validation,0.49646357,1
Validation,0.4957597,0
Validation,0.49513182,0
Validation,0.49459842,0
Validation,0.4941581,0
Validation,0.49379906,0
Validation,0.49351192,1
Validation,0.49328792,1
Validation,0.4931108,1
Validation,0.49297503,1
Validation,0.49298686,0
Validation,0.4931905,1
Validation,0.49356383,1
Validation,0.49402946,0
Validation,0.4945706,1
Validation,0.4951373,0
Validation,0.4956568,1
Validation,0.4961125,0
Validation,0.49646744,1
Validation,0.49671313,0
Validation,0.49683872,1
Validation,0.49684462,1
Validation,0.49673384,0
Validation,0.49648318,1
Validation,0.49611315,1
Validation,0.49564114,0
Validation,0.4950867,1
Validation,0.4944923,0
Validation,0.4938844,0
Validation,0.49335966,0
Validation,0.49294835,1
Validation,0.49265382,1
Validation,0.49247554,0
Validation,0.4924128,0
Validation,0.49246562,1
Validation,0.4926167,1
Validation,0.49284378,1
Validation,0.4931455,1
Validation,0.4935525,0
Validation,0.49407002,1
Validation,0.4946612,1
Validation,0.49530947,0
Validation,0.49595618,0
Validation,0.49653026,0
Validation,0.4969991,1
Validation,0.49726525,0
Validation,0.49734223,0
Validation,0.4971983,0
Validation,0.49685657,1
Validation,0.49629745,0
Validation,0.49559373,0
Validation,0.49483374,1
Validation,0.49405825,1
Validation,0.49334478,1
Validation,0.49274835,0
Validation,0.4922686,0
Validation,0.4919856,1
Validation,0.49191892,0
Validation,0.49204904,1
Validation,0.4923197,1
Validation,0.49267766,0
Validation,0.4930724,1
Validation,0.49347115,0
Validation,0.49386322,0
Validation,0.49425012,0
Validation,0.4945712,0
Validation,0.49477208,0
Validation,0.49481758,0
Validation,0.4947005,0
Validation,0.4944898,0
Validation,0.49421906,1
Validation,0.4939319,1
Validation,0.4936412,0
Validation,0.4933319,1
Validation,0.49306357,0
Validation,0.49281418,1
Validation,0.49262303,1
Validation,0.49248448,0
Validation,0.49240646,1
Validation,0.4924032,1
Validation,0.49239394,0
Validation,0.49236912,1
Validation,0.4923586,1
Validation,0.49230772,1
Validation,0.49222064,1
Validation,0.4921371,0
Validation,0.49212822,0
Validation,0.4922226,0
Validation,0.49242234,0
Validation,0.49267864,1
Validation,0.49292114,0
Validation,0.49313912,1
Validation,0.49332312,0
Validation,0.49347135,1
Validation,0.49354097,0
Validation,0.49352008,1
Validation,0.49348617,0
Validation,0.49342364,0
Validation,0.49335983,1
Validation,0.4933211,0
Validation,0.49330443,1
Validation,0.49329096,0
Validation,0.49325427,1
Validation,0.49318078,1
Validation,0.49302167,1
Validation,0.49280733,0
Validation,0.49260733,1
Validation,0.49245393,1
Validation,0.49236238,1
Validation,0.4924152,0
Validation,0.49252346,1
Validation,0.49267316,0
Validation,0.49281815,0
Validation,0.4929173,0
Validation,0.49299324,1
Validation,0.49301088,0
Validation,0.49297005,1
Validation,0.49288717,1
Validation,0.4927598,1
Validation,0.49259967,1
Validation,0.4924023,1
Validation,0.49216843,0
Validation,0.4918602,0
Validation,0.49156964,0
Validation,0.4912631,1
Validation,0.490963,0
Validation,0.49062842,0
Validation,0.49028504,1
Validation,0.48995394,1
Validation,0.48962885,0
Validation,0.48935387,1
Validation,0.4891541,0
Validation,0.48902518,0
Validation,0.4890345,0
Validation,0.48911902,0
Validation,0.48923925,0
Validation,0.48937902,1
Validation,0.48952547,0
Validation,0.489646,1
Validation,0.4897188,0
Validation,0.4897779,1
Validation,0.4898054,0
Validation,0.48975867,1
Validation,0.48973647,1
Validation,0.48976344,0
Validation,0.48980087,1
Validation,0.4899059,1
Validation,0.49000764,0
Validation,0.49012858,0
Validation,0.49025184,1
Validation,0.4903615,0
Validation,0.4904082,1
Validation,0.49047938,0
Validation,0.49054086,0
Validation,0.49062425,0
Validation,0.4906943,1
Validation,0.49074087,1
Validation,0.49076223,0
Validation,0.4907781,0
Validation,0.49083093,0
Validation,0.49096334,1
Validation,0.49111977,0
Validation,0.4912955,1
Validation,0.4914724,0
Validation,0.4916248,0
Validation,0.49176005,0
Validation,0.49184227,0
Validation,0.49188575,1
Validation,0.49191567,1
Validation,0.49190626,0
Validation,0.49185404,0
Validation,0.49169937,1
Validation,0.49148878,0
Validation,0.49121478,0
Validation,0.49089476,0
Validation,0.4905466,1
Validation,0.49016407,1
Validation,0.4897513,1
Validation,0.48934436,0
Validation,0.48894355,0
Validation,0.48861352,0
Validation,0.48848706,1
Validation,0.48844597,1
Validation,0.4884645,0
Validation,0.4885018,0
Validation,0.48855144,0
Validation,0.48862374,1
Validation,0.48870438,0
Validation,0.4887906,0
Validation,0.48893002,0
Validation,0.48911148,0
Validation,0.48936087,1
Validation,0.48971328,1
Validation,0.49010107,1
Validation,0.49056718,1
Validation,0.4911264,0
Validation,0.49183837,0
Validation,0.49267814,1
Validation,0.49357113,1
Validation,0.49440727,0
Validation,0.49514046,0
Validation,0.495779,1
Validation,0.49624306,0
Validation,0.49648964,0
Validation,0.49650916,1
Validation,0.49631587,0
Validation,0.49591196,1
Validation,0.4953622,1
Validation,0.4946953,0
Validation,0.49400374,1
Validation,0.49344972,1
Validation,0.49309802,0
Validation,0.49299085,0
Validation,0.4930722,1
Validation,0.49327502,0
Validation,0.49354967,1
Validation,0.49384454,1
Validation,0.49409887,0
Validation,0.49431893,0
Validation,0.4944807,0
Validation,0.49451903,0
Validation,0.49443114,0
Validation,0.49416894,1
Validation,0.49375027,0
Validation,0.4932139,1
Validation,0.49263266,1
Validation,0.49206868,0
Validation,0.49155298,0
Validation,0.49119064,1
Validation,0.4909877,1
Validation,0.49092764,1
Validation,0.49103358,1
Validation,0.491304,1
Validation,0.4917027,1
Validation,0.4921432,1
Validation,0.49255502,0
Validation,0.49287006,0
Validation,0.49308822,1
Validation,0.4931814,1
Validation,0.4931532,0
Validation,0.49301505,1
Validation,0.4927327,1
Validation,0.49239075,0
Validation,0.49201173,0
Validation,0.4916145,1
Validation,0.49122626,0
Validation,0.4908355,0
Validation,0.4904448,1
Validation,0.49004924,1
Validation,0.48964778,1
Validation,0.48927224,1
Validation,0.48893452,0
Validation,0.48864952,0
Validation,0.48845613,0
Validation,0.48836294,0
Validation,0.48835924,1
Validation,0.4884333,0
Validation,0.488491,1
Validation,0.48863012,0
Validation,0.4887735,1
Validation,0.4889175,1
Validation,0.4890352,0
Validation,0.48914778,1
Validation,0.48928636,0
Validation,0.48938143,1
Validation,0.48946756,1
Validation,0.4895773,0
Validation,0.4897329,0
Validation,0.48994637,1
Validation,0.49019808,1
Validation,0.49044448,0
Validation,0.49070925,1
Validation,0.49095866,1
Validation,0.4911893,1
Validation,0.4914356,1
Validation,0.49167895,1
Validation,0.49188414,0
Validation,0.49200502,0
Validation,0.49204895,1
Validation,0.49201328,0
Validation,0.49188408,1
Validation,0.49169362,0
Validation,0.491437,1
Validation,0.49116716,1
Validation,0.4908808,1
Validation,0.49056765,0
Validation,0.49020618,1
Validation,0.48987353,0
Validation,0.48955682,1
Validation,0.48928156,0
Validation,0.48898846,1
Validation,0.48874015,1
Validation,0.48852274,1
Validation,0.48837444,0
Validation,0.48833337,0
Test,0.48939416,1
Test,0.48933056,0
Test,0.4892379,1
Test,0.4891652,0
Test,0.48912948,0
Test,0.48911747,0
Test,0.48917636,0
Test,0.4892775,1
Test,0.4893833,1
Test,0.48945576,0
Test,0.489454,0
Test,0.48939496,1
Test,0.48931882,1
Test,0.48921338,0
Test,0.48909947,0
Test,0.4889654,1
Test,0.48889098,1
Test,0.488819,0
Test,0.48874718,1
Test,0.48866186,1
Test,0.48847988,0
Test,0.48827025,1
Test,0.48806408,0
Test,0.48788333,0
Test,0.48776564,1
Test,0.48768026,1
Test,0.48762426,0
Test,0.48759785,0
Test,0.48760548,1
Test,0.4876511,1
Test,0.48771217,1
Test,0.48774222,1
Test,0.48771584,1
Test,0.48766068,1
Test,0.48757383,1
Test,0.48748708,1
Test,0.48739767,0
Test,0.48730803,1
Test,0.48721564,1
Test,0.4870908,1
Test,0.48694435,0
Test,0.4867908,1
Test,0.4866523,0
Test,0.4865052,1
Test,0.48632827,0
Test,0.4861299,0
Test,0.48594388,0
Test,0.48580068,1
Test,0.48575655,1
Test,0.4857224,1
Test,0.48565686,1
Test,0.4854951,1
Test,0.48526007,0
Test,0.484989,1
Test,0.48477212,0
Test,0.48461562,1
Test,0.4845332,1
Test,0.48449388,0
Test,0.484449,1
Test,0.48447886,1
Test,0.484554,1
Test,0.48466855,1
Test,0.4847876,1
Test,0.4848974,1
Test,0.48496208,0
Test,0.4849542,1
Test,0.48491704,0
Test,0.48486495,0
Test,0.4848302,0
Test,0.48485994,1
Test,0.48502648,0
Test,0.48520854,0
Test,0.48541406,1
Test,0.48566714,0
Test,0.4858385,0
Test,0.4860175,1
Test,0.48621473,1
Test,0.48642272,1
Test,0.48655215,1
Test,0.48658758,0
Test,0.48656037,1
Test,0.48651534,0
Test,0.4864313,0
Test,0.48635092,1
Test,0.4862695,0
Test,0.48616356,0
Test,0.4860715,1
Test,0.48602316,1
Test,0.4860388,0
Test,0.48599616,1
Test,0.4859174,1
Test,0.4857909,1
Test,0.4856306,0
Test,0.48542792,1
Test,0.4852648,0
Test,0.4851024,0
Test,0.48498705,0
Test,0.48497078,1
Test,0.4850607,0
Test,0.48519424,1
Test,0.4853863,0
Test,0.48556215,1
Test,0.4857667,1
Test,0.48591015,1
Test,0.48597112,0
Test,0.4859651,1
Test,0.48588634,0
Test,0.48571083,0
Test,0.4854798,1
Test,0.48528895,0
Test,0.48513398,0
Test,0.48500755,0
Test,0.48490298,1
Test,0.48486406,0
Test,0.48479536,0
Test,0.4847572,1
Test,0.48472655,1
Test,0.4847002,1
Test,0.4845529,1
Test,0.48432913,0
Test,0.4840579,0
Test,0.4838229,0
Test,0.48365822,1
Test,0.48358175,0
Test,0.48353657,1
Test,0.48358357,1
Test,0.48369813,1
Test,0.48385277,0
Test,0.48395252,1
Test,0.4840263,0
Test,0.48393452,1
Test,0.483807,0
Test,0.48363012,0
Test,0.4834576,1
Test,0.48332676,0
Test,0.48317805,0
Test,0.48306978,0
Test,0.48301253,1
Test,0.4830223,1
Test,0.48306674,0
Test,0.4831339,1
Test,0.4832288,0
Test,0.4832845,0
Test,0.4833214,1
Test,0.4833845,0
Test,0.4834002,1
Test,0.48343602,1
Test,0.48347628,1
Test,0.48350817,1
Test,0.4835055,1
Test,0.48340547,0
Test,0.48328134,0
Test,0.483177,0
Test,0.48316792,1
Test,0.48324266,0
Test,0.4833572,0
Test,0.48350123,1
Test,0.48369938,0
Test,0.48387763,0
Test,0.4840888,1
Test,0.48429218,1
Test,0.4844782,0
Test,0.48459885,0
Test,0.48466176,0
Test,0.48469636,0
Test,0.48470548,0
Test,0.48469412,1
Test,0.48465443,0
Test,0.48458603,0
Test,0.48452818,1
Test,0.48445323,0
Test,0.48430756,1
Test,0.4841559,0
Test,0.4839662,1
Test,0.4837893,1
Test,0.48360583,1
Test,0.48335198,0
Test,0.48306453,0
Test,0.4828006,0
Test,0.4826558,0
Test,0.48264518,1
Test,0.48267946,0
Test,0.4827206,1
Test,0.4828093,1
Test,0.4828661,0
Test,0.48287368,0
Test,0.4828581,1
Test,0.48283067,1
Test,0.48276263,1
Test,0.48264217,1
Test,0.48249492,1
Test,0.48232278,0
Test,0.48218864,0
Test,0.48214096,1
Test,0.48215592,1
Test,0.48219055,1
Test,0.48226014,0
Test,0.48231852,0
Test,0.48238572,0
Test,0.48252276,1
Test,0.48271158,1
Test,0.48290673,0
Test,0.4830189,1
Test,0.48308733,0
Test,0.4831234,0
Test,0.48319507,0
Test,0.48329034,1
Test,0.4834238,0
Test,0.4835133,0
Test,0.48368344,0
Test,0.48388007,0
Test,0.4841001,1
Test,0.48430732,0
Test,0.484498,1
Test,0.4846793,0
Test,0.48472372,1
Test,0.48470476,0
Test,0.48464075,1
Test,0.48458487,1
Test,0.48452607,0
Test,0.48446295,0
Test,0.48444274,1
Test,0.4844906,1
Test,0.48453125,0
Test,0.48454887,1
Test,0.48455027,0
Test,0.4844573,1
Test,0.4843384,0
Test,0.48413375,1
Test,0.4839425,1
Test,0.48372462,1
Test,0.48354015,0
Test,0.48337698,0
Test,0.4832934,0
Test,0.48336333,1
Test,0.4835351,0
Test,0.48375058,0
Test,0.48398745,0
Test,0.4842183,1
Test,0.48444644,0
Test,0.48458713,1
Test,0.4847186,0
Test,0.48478636,0
Test,0.48487434,1
Test,0.4849657,1
Test,0.48506057,1
Test,0.48511997,1
Test,0.48508593,0
Test,0.4849638,1
Test,0.48480648,1
Test,0.48460618,0
Test,0.48437586,0
Test,0.4841763,0
Test,0.4840298,1
Test,0.48397246,1
Test,0.48391902,1
Test,0.4838755,1
Test,0.48383114,1
Test,0.48380327,1
Test,0.48380083,0
Test,0.4838084,1
Test,0.4838361,0
Test,0.48385632,1
Test,0.48390093,1
Test,0.48392352,1
Test,0.48394117,0
Test,0.48394835,0
Test,0.48393896,0
Test,0.483992,0
Test,0.48411638,1
Test,0.4842661,1
Test,0.48439342,1
Test,0.48443994,1
Test,0.48443857,0
Test,0.4843697,0
Test,0.48427415,0
Test,0.48418507,0
Test,0.48415372,1
Test,0.48416865,1
Test,0.48414746,0
Test,0.48410153,1
Test,0.48407257,1
Test,0.48400205,1
Test,0.48392174,0
Test,0.4838578,1
Test,0.4838352,0
Test,0.48383084,1
Test,0.48385465,0
Test,0.48388743,0
Test,0.4839497,0
Test,0.48403132,1
Test,0.48414174,0
Test,0.48421347,1
Test,0.48429555,1
Test,0.48435488,1
Test,0.48434418,1
Test,0.48422903,0
Test,0.48403302,0
Test,0.48383543,0
Test,0.48370346,0
Test,0.48364744,0
Test,0.48366758,0
Test,0.48375493,1
Test,0.48389468,1
Test,0.48402256,1
Test,0.4840001,1
Test,0.48393533,1
Test,0.48383942,1
Test,0.4837529,1
Test,0.48364606,0
Test,0.48350215,1
Test,0.48336378,0
Test,0.4832465,1
Test,0.48320627,0
Test,0.4831852,0
Test,0.48320994,1
Test,0.48325837,1
Test,0.48328468,1
Test,0.4832773,1
Test,0.48322868,1
Test,0.48313376,0
Test,0.4830222,1
Test,0.4829425,0
Test,0.48287746,0
Test,0.48292127,1
Test,0.48302805,0
Test,0.48311022,1
Test,0.48317173,0
Test,0.483185,1
Test,0.48319325,0
Test,0.48316875,1
Test,0.48315722,1
Test,0.48316526,0
Test,0.48313737,1
Test,0.4831743,1
Test,0.48322925,1
Test,0.48333088,0
Test,0.48343164,0
Test,0.48354733,1
Test,0.48367193,0
Test,0.4837456,1
Test,0.4838022,0
Test,0.48382056,1
Test,0.48380512,1
Test,0.4837362,1
Test,0.48362106,0
Test,0.48350066,0
Test,0.48347858,1
Test,0.48353702,0
Test,0.48363703,0
Test,0.4837834,0
Test,0.48397166,1
Test,0.4841322,1
Test,0.48420036,0
Test,0.48421523,0
Test,0.4842121,1
Test,0.48421377,0
Test,0.48418823,0
