Threshold,Accuracy,Balanced_Accuracy,Precision,Recall,Specificity,F1_Score,F2_Score,ROC_AUC,MCC,Positive_Rate,Valid_Constraint
0.4713600058619394,0.505586592178771,0.5083333333333333,0.5014084507042254,1.0,0.016666666666666666,0.6679174484052532,0.8341143392689785,0.4894194756554307,0.09141557587051066,0.9916201117318436,False
0.47148831273401065,0.5083798882681564,0.5110486891385768,0.5028571428571429,0.9887640449438202,0.03333333333333333,0.6666666666666666,0.8286252354048964,0.4894194756554307,0.07474944772902702,0.9776536312849162,False
0.47161661960608187,0.5111731843575419,0.5138264669163546,0.504297994269341,0.9887640449438202,0.03888888888888889,0.6679316888045541,0.8294062205466541,0.4894194756554307,0.08831886921960287,0.9748603351955307,False
0.4717449264781531,0.5139664804469274,0.5165730337078651,0.5057803468208093,0.9831460674157303,0.05,0.6679389312977099,0.8270321361058601,0.4894194756554307,0.09207666707337657,0.9664804469273743,False
0.4718732333502243,0.5027932960893855,0.5053058676654182,0.5,0.9550561797752809,0.05555555555555555,0.6563706563706564,0.8079847908745247,0.4894194756554307,0.024280462345538982,0.9497206703910615,False
0.47200154022229557,0.5083798882681564,0.5108614232209738,0.5029585798816568,0.9550561797752809,0.06666666666666667,0.6589147286821705,0.8095238095238095,0.4894194756554307,0.04729221310797606,0.9441340782122905,False
0.4721298470943668,0.5139664804469274,0.5164169787765294,0.5059523809523809,0.9550561797752809,0.07777777777777778,0.6614785992217899,0.8110687022900763,0.4894194756554307,0.06835786766477196,0.9385474860335196,False
0.472258153966438,0.5167597765363129,0.5191947565543071,0.5074626865671642,0.9550561797752809,0.08333333333333333,0.6627680311890838,0.8118433619866284,0.4894194756554307,0.07828391490828342,0.9357541899441341,False
0.47238646083850927,0.5195530726256983,0.5219413233458177,0.5090361445783133,0.949438202247191,0.09444444444444444,0.6627450980392157,0.8093869731800766,0.4894194756554307,0.08454410892594717,0.9273743016759777,False
0.4725147677105805,0.5167597765363129,0.5191323345817728,0.5075528700906344,0.9438202247191011,0.09444444444444444,0.6601178781925344,0.8053691275167785,0.4894194756554307,0.07245165951739192,0.9245810055865922,False
0.4726430745826517,0.5111731843575419,0.5135143570536829,0.5045592705167173,0.9325842696629213,0.09444444444444444,0.6548323471400395,0.7973102785782901,0.4894194756554307,0.04953072561869354,0.9189944134078212,False
0.4727713814547229,0.5111731843575419,0.5134519350811486,0.5046153846153846,0.9213483146067416,0.10555555555555556,0.6520874751491054,0.7907425265188043,0.4894194756554307,0.04650100741310426,0.9078212290502793,False
0.4728996883267942,0.5167597765363129,0.5190074906367041,0.5077399380804953,0.9213483146067416,0.11666666666666667,0.654690618762475,0.7922705314009661,0.4894194756554307,0.06399790409480763,0.9022346368715084,False
0.4730279951988654,0.5167597765363129,0.5189450686641698,0.5078369905956113,0.9101123595505618,0.12777777777777777,0.6519114688128773,0.7856450048496605,0.4894194756554307,0.06080576937784276,0.8910614525139665,False
0.4731563020709366,0.5167597765363129,0.5188514357053683,0.5079872204472844,0.8932584269662921,0.14444444444444443,0.6476578411405295,0.775609756097561,0.4894194756554307,0.056864634876358504,0.8743016759776536,False
0.47328460894300783,0.5195530726256983,0.5216292134831461,0.5096153846153846,0.8932584269662921,0.15,0.6489795918367347,0.7763671875,0.4894194756554307,0.06463395978920364,0.8715083798882681,False
0.4734129158150791,0.5139664804469274,0.5160112359550562,0.5064516129032258,0.8820224719101124,0.15,0.6434426229508197,0.7681017612524462,0.4894194756554307,0.04698937206805907,0.8659217877094972,False
0.4735412226871503,0.5167597765363129,0.5187890137328339,0.5080906148867314,0.8820224719101124,0.15555555555555556,0.6447638603696099,0.7688540646425074,0.4894194756554307,0.054664194564669234,0.8631284916201117,False
0.47366952955922154,0.5195530726256983,0.5215667915106118,0.5097402597402597,0.8820224719101124,0.16111111111111112,0.6460905349794238,0.7696078431372549,0.4894194756554307,0.062215905875046544,0.8603351955307262,False
0.4737978364312928,0.5167597765363129,0.5187578027465668,0.50814332247557,0.8764044943820225,0.16111111111111112,0.643298969072165,0.7654563297350343,0.4894194756554307,0.05366658224981919,0.8575418994413407,False
0.473926143303364,0.5167597765363129,0.5187265917602997,0.5081967213114754,0.8707865168539326,0.16666666666666666,0.6418219461697723,0.7620452310717798,0.4894194756554307,0.05272870895048985,0.8519553072625698,False
0.47405445017543524,0.5167597765363129,0.5186953807740324,0.5082508250825083,0.8651685393258427,0.17222222222222222,0.6403326403326404,0.7586206896551724,0.4894194756554307,0.05184512254540519,0.8463687150837989,True
0.47418275704750645,0.5167597765363129,0.5186641697877653,0.5083056478405316,0.8595505617977528,0.17777777777777778,0.6388308977035491,0.7551826258637709,0.4894194756554307,0.05101104850474848,0.840782122905028,True
0.4743110639195777,0.5195530726256983,0.5214419475655431,0.51,0.8595505617977528,0.18333333333333332,0.6401673640167364,0.7559288537549407,0.4894194756554307,0.05819234451670842,0.8379888268156425,True
0.47443937079164894,0.5167597765363129,0.5186017478152309,0.5084175084175084,0.848314606741573,0.18888888888888888,0.6357894736842106,0.7482656095143707,0.4894194756554307,0.04947512037478309,0.8296089385474861,True
0.47456767766372016,0.5167597765363129,0.5185705368289638,0.5084745762711864,0.8426966292134831,0.19444444444444445,0.6342494714587738,0.7447864945382324,0.4894194756554307,0.048766257212378296,0.8240223463687151,True
0.4746959845357914,0.5223463687150838,0.5241260923845193,0.5119453924914675,0.8426966292134831,0.20555555555555555,0.6369426751592356,0.746268656716418,0.4894194756554307,0.06258535894490609,0.8184357541899442,True
0.47482429140786264,0.5223463687150838,0.5240948813982522,0.5120274914089347,0.8370786516853933,0.2111111111111111,0.6353944562899787,0.7427716849451645,0.4894194756554307,0.0617756247843781,0.8128491620111732,True
0.47495259827993386,0.5195530726256983,0.5212546816479401,0.5104166666666666,0.8258426966292135,0.21666666666666667,0.630901287553648,0.735,0.4894194756554307,0.05359022617712779,0.8044692737430168,True
0.4750809051520051,0.5195530726256983,0.5211922596754057,0.5105633802816901,0.8146067415730337,0.22777777777777777,0.6277056277056277,0.7279116465863453,0.4894194756554307,0.052333344017014054,0.7932960893854749,True
0.47520921202407634,0.5167597765363129,0.5183832709113608,0.508833922261484,0.8089887640449438,0.22777777777777777,0.6247288503253796,0.7236180904522613,0.4894194756554307,0.045172610329850704,0.7905027932960894,True
0.47533751889614756,0.5139664804469274,0.5155742821473158,0.5070921985815603,0.8033707865168539,0.22777777777777777,0.6217391304347826,0.7193158953722334,0.4894194756554307,0.038084910320041375,0.7877094972067039,True
0.4754658257682188,0.5139664804469274,0.5155430711610487,0.5071428571428571,0.797752808988764,0.23333333333333334,0.6200873362445415,0.7157258064516129,0.4894194756554307,0.03765188882740777,0.7821229050279329,True
0.47559413264029005,0.505586592178771,0.5071161048689139,0.5018050541516246,0.7808988764044944,0.23333333333333334,0.610989010989011,0.7027300303336703,0.4894194756554307,0.017007332208887418,0.7737430167597765,True
0.47572243951236126,0.505586592178771,0.5071161048689139,0.5018050541516246,0.7808988764044944,0.23333333333333334,0.610989010989011,0.7027300303336703,0.4894194756554307,0.017007332208887418,0.7737430167597765,True
0.4758507463844325,0.505586592178771,0.5071161048689139,0.5018050541516246,0.7808988764044944,0.23333333333333334,0.610989010989011,0.7027300303336703,0.4894194756554307,0.017007332208887418,0.7737430167597765,True
0.4759790532565037,0.5111731843575419,0.5126716604244694,0.5054545454545455,0.7808988764044944,0.24444444444444444,0.6136865342163356,0.7041540020263425,0.4894194756554307,0.030026477201934722,0.7681564245810056,True
0.47610736012857496,0.5111731843575419,0.5126404494382022,0.5054945054945055,0.7752808988764045,0.25,0.6119733924611973,0.700507614213198,0.4894194756554307,0.02970626006565715,0.7625698324022346,True
0.4762356670006462,0.5083798882681564,0.5098314606741573,0.5036764705882353,0.7696629213483146,0.25,0.6088888888888889,0.6961382113821138,0.4894194756554307,0.023012331317672743,0.7597765363128491,True
0.4763639738727174,0.5027932960893855,0.5042134831460674,0.5,0.7584269662921348,0.25,0.6026785714285714,0.6873727087576375,0.4894194756554307,0.0097857539613686,0.7541899441340782,True
0.47649228074478867,0.5027932960893855,0.5042134831460674,0.5,0.7584269662921348,0.25,0.6026785714285714,0.6873727087576375,0.4894194756554307,0.0097857539613686,0.7541899441340782,True
0.4766205876168599,0.505586592178771,0.5069912609238452,0.5018587360594795,0.7584269662921348,0.25555555555555554,0.6040268456375839,0.6880733944954128,0.4894194756554307,0.01617560812272028,0.7513966480446927,True
0.4767488944889311,0.505586592178771,0.5069912609238452,0.5018587360594795,0.7584269662921348,0.25555555555555554,0.6040268456375839,0.6880733944954128,0.4894194756554307,0.01617560812272028,0.7513966480446927,True
0.4768772013610023,0.5083798882681564,0.5097378277153558,0.5037593984962406,0.7528089887640449,0.26666666666666666,0.6036036036036037,0.6850715746421268,0.4894194756554307,0.022284536419917723,0.7430167597765364,True
0.4770055082330736,0.505586592178771,0.5069288389513109,0.5018867924528302,0.7471910112359551,0.26666666666666666,0.600451467268623,0.6806550665301945,0.4894194756554307,0.01580055366098517,0.7402234636871509,True
0.4771338151051448,0.5083798882681564,0.5097066167290887,0.5037878787878788,0.7471910112359551,0.2722222222222222,0.6018099547511312,0.6813524590163934,0.4894194756554307,0.022058614997481574,0.7374301675977654,True
0.477262121977216,0.5111731843575419,0.5124843945068664,0.5057034220532319,0.7471910112359551,0.2777777777777778,0.6031746031746031,0.6820512820512821,0.4894194756554307,0.02827509393444435,0.7346368715083799,True
0.47739042884928723,0.5167597765363129,0.518039950062422,0.5095785440613027,0.7471910112359551,0.28888888888888886,0.6059225512528473,0.6834532374100719,0.4894194756554307,0.040588729709533485,0.729050279329609,True
0.4775187357213585,0.5139664804469274,0.5151997503121098,0.5077519379844961,0.7359550561797753,0.29444444444444445,0.6009174311926605,0.6752577319587629,0.4894194756554307,0.03387683666349611,0.7206703910614525,True
0.4776470425934297,0.5139664804469274,0.5151997503121098,0.5077519379844961,0.7359550561797753,0.29444444444444445,0.6009174311926605,0.6752577319587629,0.4894194756554307,0.03387683666349611,0.7206703910614525,True
0.47777534946550093,0.5083798882681564,0.50958177278402,0.50390625,0.7247191011235955,0.29444444444444445,0.5944700460829493,0.6663223140495868,0.4894194756554307,0.021227656378576504,0.7150837988826816,True
0.4779036563375722,0.5111731843575419,0.5123283395755306,0.5059288537549407,0.7191011235955056,0.3055555555555556,0.5939675174013921,0.6632124352331606,0.4894194756554307,0.027078582571473674,0.7067039106145251,True
0.4780319632096434,0.505586592178771,0.5067103620474407,0.50199203187251,0.7078651685393258,0.3055555555555556,0.5874125874125874,0.6542056074766355,0.4894194756554307,0.014658632341848431,0.7011173184357542,True
0.47816027008171463,0.5,0.5010923845193509,0.4979919678714859,0.6966292134831461,0.3055555555555556,0.5807962529274004,0.6451612903225806,0.4894194756554307,0.002373771240289119,0.6955307262569832,True
0.47828857695378585,0.5027932960893855,0.5038077403245943,0.5,0.6853932584269663,0.32222222222222224,0.5781990521327014,0.6380753138075314,0.4894194756554307,0.008173277300751942,0.6815642458100558,True
0.4784168838258571,0.5,0.5009675405742822,0.4979253112033195,0.6741573033707865,0.3277777777777778,0.5727923627684964,0.6295907660020986,0.4894194756554307,0.002062737593193351,0.6731843575418994,True
0.47854519069792834,0.4972067039106145,0.4980649188514357,0.49572649572649574,0.651685393258427,0.34444444444444444,0.5631067961165048,0.6131078224101479,0.4894194756554307,-0.00406683600799616,0.6536312849162011,False
0.47867349756999955,0.5,0.5008426966292134,0.4978540772532189,0.651685393258427,0.35,0.5644768856447688,0.6137566137566137,0.4894194756554307,0.0017677243289545726,0.6508379888268156,True
0.4788018044420708,0.5,0.5008426966292134,0.4978540772532189,0.651685393258427,0.35,0.5644768856447688,0.6137566137566137,0.4894194756554307,0.0017677243289545726,0.6508379888268156,True
0.47893011131414204,0.49441340782122906,0.4952247191011236,0.4935064935064935,0.6404494382022472,0.35,0.5574572127139364,0.6044538706256628,0.4894194756554307,-0.009980845257260014,0.6452513966480447,False
0.47905841818621325,0.4888268156424581,0.4896067415730337,0.4890829694323144,0.6292134831460674,0.35,0.5503685503685504,0.5951115834218916,0.4894194756554307,-0.021647880363632535,0.6396648044692738,False
0.47918672505828447,0.49162011173184356,0.4923845193508115,0.49122807017543857,0.6292134831460674,0.35555555555555557,0.5517241379310345,0.5957446808510638,0.4894194756554307,-0.015835598012917614,0.6368715083798883,False
0.47931503193035574,0.49162011173184356,0.4923845193508115,0.49122807017543857,0.6292134831460674,0.35555555555555557,0.5517241379310345,0.5957446808510638,0.4894194756554307,-0.015835598012917614,0.6368715083798883,False
0.47944333880242695,0.48324022346368717,0.48389513108614235,0.4841628959276018,0.601123595505618,0.36666666666666664,0.5363408521303258,0.5734190782422294,0.4894194756554307,-0.03313424072744308,0.61731843575419,False
0.47957164567449817,0.48324022346368717,0.48386392009987517,0.4840182648401826,0.5955056179775281,0.37222222222222223,0.5340050377833753,0.569280343716434,0.4894194756554307,-0.033108905746707544,0.611731843575419,False
0.47969995254656944,0.4860335195530726,0.48661048689138575,0.4861111111111111,0.5898876404494382,0.38333333333333336,0.5329949238578681,0.5657327586206896,0.4894194756554307,-0.02736969680184592,0.6033519553072626,False
0.47982825941864066,0.48044692737430167,0.4809612983770287,0.4811320754716981,0.5730337078651685,0.3888888888888889,0.5230769230769231,0.551948051948052,0.4894194756554307,-0.038740856548903704,0.5921787709497207,False
0.4799565662907119,0.48044692737430167,0.4808988764044944,0.4807692307692308,0.5617977528089888,0.4,0.5181347150259067,0.5434782608695652,0.4894194756554307,-0.03871309266446384,0.5810055865921788,False
0.4800848731627831,0.4748603351955307,0.4752808988764045,0.47572815533980584,0.550561797752809,0.4,0.5104166666666666,0.5337690631808278,0.4894194756554307,-0.05000961595051079,0.5754189944134078,False
0.48021318003485436,0.4748603351955307,0.47521847690387015,0.4752475247524752,0.5393258426966292,0.4111111111111111,0.5052631578947369,0.5251641137855579,0.4894194756554307,-0.04997654862361848,0.5642458100558659,False
0.4803414869069256,0.4720670391061452,0.47237827715355807,0.4723618090452261,0.5280898876404494,0.4166666666666667,0.4986737400530504,0.5159165751920965,0.4894194756554307,-0.055590670504002924,0.5558659217877095,False
0.4804697937789968,0.4692737430167598,0.4695068664169788,0.4690721649484536,0.5112359550561798,0.42777777777777776,0.489247311827957,0.5022075055187638,0.4894194756554307,-0.061200576998258406,0.5418994413407822,False
0.480598100651068,0.4776536312849162,0.4778401997503121,0.47643979057591623,0.5112359550561798,0.4444444444444444,0.4932249322493225,0.5038759689922481,0.4894194756554307,-0.04441883577986426,0.5335195530726257,False
0.4807264075231393,0.4748603351955307,0.475,0.4734042553191489,0.5,0.45,0.48633879781420764,0.49444444444444446,0.4894194756554307,-0.05006253911137396,0.5251396648044693,False
0.4808547143952105,0.4720670391061452,0.4721285892634207,0.46994535519125685,0.48314606741573035,0.46111111111111114,0.47645429362880887,0.48044692737430167,0.4894194756554307,-0.05575587446981871,0.5111731843575419,False
0.4809830212672817,0.4776536312849162,0.47768414481897625,0.47513812154696133,0.48314606741573035,0.4722222222222222,0.479108635097493,0.48152295632698766,0.4894194756554307,-0.044633800008342196,0.505586592178771,False
0.481111328139353,0.4720670391061452,0.47206616729088635,0.4692737430167598,0.47191011235955055,0.4722222222222222,0.47058823529411764,0.4713804713804714,0.4894194756554307,-0.05586679359616591,0.5,False
0.4812396350114242,0.4664804469273743,0.4664481897627965,0.4632768361581921,0.4606741573033708,0.4722222222222222,0.4619718309859155,0.4611923509561305,0.4894194756554307,-0.0671067622503047,0.49441340782122906,False
0.4813679418834954,0.4720670391061452,0.4720037453183521,0.4685714285714286,0.4606741573033708,0.48333333333333334,0.46458923512747874,0.46223224351747466,0.4894194756554307,-0.05600562082802619,0.4888268156424581,False
0.4814962487555666,0.46368715083798884,0.4635767790262172,0.45930232558139533,0.4438202247191011,0.48333333333333334,0.4514285714285714,0.4468325791855204,0.4894194756554307,-0.07290106995820311,0.48044692737430167,False
0.4816245556276379,0.46368715083798884,0.4634831460674157,0.4578313253012048,0.42696629213483145,0.5,0.4418604651162791,0.4328018223234624,0.4894194756554307,-0.07322593829920958,0.46368715083798884,False
0.4817528624997091,0.4581005586592179,0.45783395755305867,0.4506172839506173,0.4101123595505618,0.5055555555555555,0.4294117647058823,0.41762013729977115,0.4894194756554307,-0.08471367998705148,0.45251396648044695,False
0.4818811693717803,0.44692737430167595,0.44659800249687887,0.43670886075949367,0.38764044943820225,0.5055555555555555,0.4107142857142857,0.39655172413793105,0.4894194756554307,-0.1075449966045065,0.441340782122905,False
0.4820094762438516,0.4553072625698324,0.4549313358302123,0.44516129032258067,0.38764044943820225,0.5222222222222223,0.4144144144144144,0.39792387543252594,0.4894194756554307,-0.09095719674522044,0.4329608938547486,False
0.4821377831159228,0.4664804469273743,0.4660112359550562,0.4563758389261745,0.38202247191011235,0.55,0.41590214067278286,0.3948896631823461,0.4894194756554307,-0.06895175815705278,0.41620111731843573,False
0.48226608998799403,0.4664804469273743,0.4659176029962547,0.45454545454545453,0.3651685393258427,0.5666666666666667,0.40498442367601245,0.38011695906432746,0.4894194756554307,-0.0695855608010087,0.3994413407821229,False
0.48239439686006524,0.4692737430167598,0.46866416978776526,0.45714285714285713,0.3595505617977528,0.5777777777777777,0.4025157232704403,0.3755868544600939,0.4894194756554307,-0.06421332967645255,0.39106145251396646,False
0.4825227037321365,0.46368715083798884,0.46304619225967536,0.4492753623188406,0.34831460674157305,0.5777777777777777,0.3924050632911392,0.36470588235294116,0.4894194756554307,-0.0759249580672635,0.3854748603351955,False
0.48265101060420773,0.4692737430167598,0.468601747815231,0.45588235294117646,0.34831460674157305,0.5888888888888889,0.39490445859872614,0.36556603773584906,0.4894194756554307,-0.06468979595192549,0.37988826815642457,False
0.48277931747627895,0.4692737430167598,0.46857053682896377,0.4552238805970149,0.34269662921348315,0.5944444444444444,0.391025641025641,0.3605200945626478,0.4894194756554307,-0.06494366655692714,0.3743016759776536,False
0.4829076243483502,0.4776536312849162,0.4769038701622972,0.46564885496183206,0.34269662921348315,0.6111111111111112,0.3948220064724919,0.36180308422301305,0.4894194756554307,-0.04794760128829061,0.3659217877094972,False
0.48303593122042143,0.4692737430167598,0.46847690387016233,0.453125,0.3258426966292135,0.6111111111111112,0.3790849673202614,0.34523809523809523,0.4894194756554307,-0.06577126773235978,0.3575418994413408,False
0.48316423809249265,0.4748603351955307,0.47403245942571787,0.4603174603174603,0.3258426966292135,0.6222222222222222,0.3815789473684211,0.3460620525059666,0.4894194756554307,-0.054372312367507024,0.35195530726256985,False
0.48329254496456386,0.4748603351955307,0.47403245942571787,0.4603174603174603,0.3258426966292135,0.6222222222222222,0.3815789473684211,0.3460620525059666,0.4894194756554307,-0.054372312367507024,0.35195530726256985,False
0.48342085183663513,0.4776536312849162,0.47681023720349563,0.464,0.3258426966292135,0.6277777777777778,0.38283828382838286,0.34647550776583036,0.4894194756554307,-0.04864515468197213,0.34916201117318435,False
0.48354915870870635,0.4776536312849162,0.47677902621722845,0.4634146341463415,0.3202247191011236,0.6333333333333333,0.3787375415282392,0.3413173652694611,0.4894194756554307,-0.04889564626227193,0.3435754189944134,False
0.48367746558077757,0.4776536312849162,0.47674781523096127,0.4628099173553719,0.3146067415730337,0.6388888888888888,0.3745819397993311,0.33613445378151263,0.4894194756554307,-0.04915561754530458,0.33798882681564246,False
0.48380577245284884,0.4748603351955307,0.4739388264669163,0.4583333333333333,0.3089887640449438,0.6388888888888888,0.3691275167785235,0.33052884615384615,0.4894194756554307,-0.05520661458679686,0.33519553072625696,False
0.48393407932492005,0.48044692737430167,0.4794631710362047,0.46551724137931033,0.30337078651685395,0.6555555555555556,0.3673469387755102,0.32608695652173914,0.4894194756554307,-0.04388064048758448,0.3240223463687151,False
0.48406238619699127,0.4776536312849162,0.47665418227215983,0.4608695652173913,0.29775280898876405,0.6555555555555556,0.36177474402730375,0.32043530834340994,0.4894194756554307,-0.04999577246099926,0.32122905027932963,False
0.4841906930690625,0.4860335195530726,0.48498751560549314,0.4732142857142857,0.29775280898876405,0.6722222222222223,0.36551724137931035,0.32160194174757284,0.4894194756554307,-0.03237816660543128,0.3128491620111732,False
0.48431899994113375,0.4860335195530726,0.48492509363295877,0.4722222222222222,0.28651685393258425,0.6833333333333333,0.35664335664335667,0.31097560975609756,0.4894194756554307,-0.03284346662643295,0.3016759776536313,False
0.48444730681320497,0.48324022346368717,0.4821161048689139,0.4672897196261682,0.2808988764044944,0.6833333333333333,0.3508771929824561,0.3052503052503053,0.4894194756554307,-0.03906695968315884,0.2988826815642458,False
0.4845756136852762,0.48324022346368717,0.4821161048689139,0.4672897196261682,0.2808988764044944,0.6833333333333333,0.3508771929824561,0.3052503052503053,0.4894194756554307,-0.03906695968315884,0.2988826815642458,False
0.4847039205573474,0.4860335195530726,0.4848314606741573,0.47058823529411764,0.2696629213483146,0.7,0.34285714285714286,0.29484029484029484,0.4894194756554307,-0.033604693811036424,0.2849162011173184,False
0.48483222742941867,0.48044692737430167,0.4792134831460674,0.46,0.25842696629213485,0.7,0.33093525179856115,0.2832512315270936,0.4894194756554307,-0.04632848710038688,0.27932960893854747,False
0.4849605343014899,0.4776536312849162,0.4764044943820225,0.45454545454545453,0.25280898876404495,0.7,0.3249097472924188,0.27743526510480887,0.4894194756554307,-0.05275189412072453,0.276536312849162,False
0.4850888411735611,0.4776536312849162,0.47637328339575535,0.4536082474226804,0.24719101123595505,0.7055555555555556,0.32,0.2719406674907293,0.4894194756554307,-0.05315859583065199,0.2709497206703911,False
0.4852171480456324,0.4748603351955307,0.4735642946317104,0.4479166666666667,0.24157303370786518,0.7055555555555556,0.31386861313868614,0.2660891089108911,0.4894194756554307,-0.05967341468090262,0.2681564245810056,False
0.4853454549177036,0.4720670391061452,0.4706928838951311,0.43956043956043955,0.2247191011235955,0.7166666666666667,0.29739776951672864,0.24906600249066002,0.4894194756554307,-0.06730897970108096,0.2541899441340782,False
0.4854737617897748,0.4776536312849162,0.4762484394506866,0.449438202247191,0.2247191011235955,0.7277777777777777,0.299625468164794,0.24968789013732834,0.4894194756554307,-0.054953740095491664,0.24860335195530725,False
0.485602068661846,0.4776536312849162,0.4762484394506866,0.449438202247191,0.2247191011235955,0.7277777777777777,0.299625468164794,0.24968789013732834,0.4894194756554307,-0.054953740095491664,0.24860335195530725,False
0.4857303755339173,0.4776536312849162,0.47621722846441944,0.4482758620689655,0.21910112359550563,0.7333333333333333,0.2943396226415094,0.24405506883604505,0.4894194756554307,-0.05544909235048541,0.2430167597765363,False
0.4858586824059885,0.48044692737430167,0.47899500624219726,0.45348837209302323,0.21910112359550563,0.7388888888888889,0.29545454545454547,0.24436090225563908,0.4894194756554307,-0.04916602849775796,0.24022346368715083,False
0.4859869892780597,0.48044692737430167,0.47899500624219726,0.45348837209302323,0.21910112359550563,0.7388888888888889,0.29545454545454547,0.24436090225563908,0.4894194756554307,-0.04916602849775796,0.24022346368715083,False
0.486115296150131,0.48324022346368717,0.48177278401997503,0.4588235294117647,0.21910112359550563,0.7444444444444445,0.2965779467680608,0.24466750313676286,0.4894194756554307,-0.04283569352677476,0.23743016759776536,False
0.4862436030222022,0.4860335195530726,0.4845505617977528,0.4642857142857143,0.21910112359550563,0.75,0.29770992366412213,0.2449748743718593,0.4894194756554307,-0.0364564197911553,0.2346368715083799,False
0.4863719098942734,0.4888268156424581,0.48732833957553057,0.46987951807228917,0.21910112359550563,0.7555555555555555,0.2988505747126437,0.24528301886792453,0.4894194756554307,-0.030026477201934722,0.23184357541899442,False
0.48650021676634464,0.4860335195530726,0.4845193508114856,0.4634146341463415,0.21348314606741572,0.7555555555555555,0.2923076923076923,0.23929471032745592,0.4894194756554307,-0.0368386707556615,0.22905027932960895,False
0.4866285236384159,0.49162011173184356,0.4900749063670412,0.475,0.21348314606741572,0.7666666666666667,0.29457364341085274,0.2398989898989899,0.4894194756554307,-0.023825579383599266,0.22346368715083798,False
0.4867568305104871,0.49162011173184356,0.4900749063670412,0.475,0.21348314606741572,0.7666666666666667,0.29457364341085274,0.2398989898989899,0.4894194756554307,-0.023825579383599266,0.22346368715083798,False
0.48688513738255834,0.49162011173184356,0.4900749063670412,0.475,0.21348314606741572,0.7666666666666667,0.29457364341085274,0.2398989898989899,0.4894194756554307,-0.023825579383599266,0.22346368715083798,False
0.4870134442546296,0.4888268156424581,0.4872659176029963,0.46835443037974683,0.20786516853932585,0.7666666666666667,0.28793774319066145,0.23388116308470291,0.4894194756554307,-0.030706354379198584,0.2206703910614525,False
0.48714175112670083,0.49162011173184356,0.4900436953807741,0.47435897435897434,0.20786516853932585,0.7722222222222223,0.2890625,0.23417721518987342,0.4894194756554307,-0.02411837858623108,0.21787709497206703,False
0.48727005799877204,0.49441340782122906,0.49282147315855185,0.4805194805194805,0.20786516853932585,0.7777777777777778,0.2901960784313726,0.23447401774397972,0.4894194756554307,-0.017470810594213727,0.21508379888268156,False
0.48739836487084326,0.4972067039106145,0.4955992509363296,0.4868421052631579,0.20786516853932585,0.7833333333333333,0.29133858267716534,0.23477157360406092,0.4894194756554307,-0.010761467645542753,0.2122905027932961,False
0.48752667174291453,0.5,0.4983770287141074,0.49333333333333335,0.20786516853932585,0.7888888888888889,0.2924901185770751,0.23506988564167725,0.4894194756554307,-0.003988074256625189,0.20949720670391062,False
0.48765497861498575,0.5027932960893855,0.5011548064918852,0.5,0.20786516853932585,0.7944444444444444,0.29365079365079366,0.23536895674300254,0.4894194756554307,0.0028517433411333138,0.20670391061452514,True
0.48778328548705696,0.5111731843575419,0.5094881398252185,0.5211267605633803,0.20786516853932585,0.8111111111111111,0.2971887550200803,0.23627075351213284,0.4894194756554307,0.023795081840273843,0.19832402234636873,True
0.4879115923591282,0.5111731843575419,0.5094569288389513,0.5217391304347826,0.20224719101123595,0.8166666666666667,0.291497975708502,0.23047375160051217,0.4894194756554307,0.023974684666953284,0.19273743016759776,True
0.48803989923119945,0.5083798882681564,0.5066479400749063,0.5147058823529411,0.19662921348314608,0.8166666666666667,0.2845528455284553,0.22435897435897437,0.4894194756554307,0.016947665751751013,0.18994413407821228,True
0.48816820610327066,0.505586592178771,0.5038389513108614,0.5074626865671642,0.19101123595505617,0.8166666666666667,0.27755102040816326,0.21822849807445444,0.4894194756554307,0.009842489441034333,0.1871508379888268,True
0.4882965129753419,0.5083798882681564,0.5066167290886392,0.5151515151515151,0.19101123595505617,0.8222222222222222,0.2786885245901639,0.2185089974293059,0.4894194756554307,0.017063032162598846,0.18435754189944134,True
0.48842481984741315,0.5083798882681564,0.5066167290886392,0.5151515151515151,0.19101123595505617,0.8222222222222222,0.2786885245901639,0.2185089974293059,0.4894194756554307,0.017063032162598846,0.18435754189944134,True
0.48855312671948437,0.5083798882681564,0.5066167290886392,0.5151515151515151,0.19101123595505617,0.8222222222222222,0.2786885245901639,0.2185089974293059,0.4894194756554307,0.017063032162598846,0.18435754189944134,True
0.4886814335915556,0.5027932960893855,0.5009987515605493,0.5,0.1797752808988764,0.8222222222222222,0.2644628099173554,0.20618556701030927,0.4894194756554307,0.0026065740547808257,0.1787709497206704,True
0.4888097404636268,0.5027932960893855,0.5009675405742822,0.5,0.17415730337078653,0.8277777777777777,0.25833333333333336,0.20025839793281655,0.4894194756554307,0.002556841080849025,0.17318435754189945,True
0.48893804733569807,0.505586592178771,0.5037141073657928,0.5084745762711864,0.16853932584269662,0.8388888888888889,0.25316455696202533,0.19455252918287938,0.4894194756554307,0.010010807339927768,0.164804469273743,True
0.4890663542077693,0.505586592178771,0.5036828963795256,0.5087719298245614,0.16292134831460675,0.8444444444444444,0.24680851063829787,0.18855656697009102,0.4894194756554307,0.01006572529023465,0.15921787709497207,True
0.4891946610798405,0.5083798882681564,0.5064606741573033,0.5178571428571429,0.16292134831460675,0.85,0.24786324786324787,0.18880208333333334,0.4894194756554307,0.01778511191710431,0.1564245810055866,True
0.48932296795191177,0.5083798882681564,0.5064294631710362,0.5185185185185185,0.15730337078651685,0.8555555555555555,0.2413793103448276,0.18276762402088773,0.4894194756554307,0.01796458920245133,0.15083798882681565,True
0.489451274823983,0.5083798882681564,0.5064294631710362,0.5185185185185185,0.15730337078651685,0.8555555555555555,0.2413793103448276,0.18276762402088773,0.4894194756554307,0.01796458920245133,0.15083798882681565,True
0.4895795816960542,0.5083798882681564,0.5064294631710362,0.5185185185185185,0.15730337078651685,0.8555555555555555,0.2413793103448276,0.18276762402088773,0.4894194756554307,0.01796458920245133,0.15083798882681565,True
0.4897078885681254,0.505586592178771,0.5036204744069912,0.5094339622641509,0.15168539325842698,0.8555555555555555,0.23376623376623376,0.17647058823529413,0.4894194756554307,0.010194217063761371,0.14804469273743018,True
0.4898361954401967,0.505586592178771,0.5035892634207241,0.5098039215686274,0.14606741573033707,0.8611111111111112,0.22707423580786026,0.17038007863695936,0.4894194756554307,0.010268979964607666,0.1424581005586592,True
0.4899645023122679,0.5,0.49797128589263423,0.4897959183673469,0.1348314606741573,0.8611111111111112,0.21145374449339208,0.15768725361366623,0.4894194756554307,-0.005902280144025747,0.13687150837988826,False
0.4900928091843391,0.5027932960893855,0.5007490636704119,0.5,0.1348314606741573,0.8666666666666667,0.21238938053097345,0.15789473684210525,0.4894194756554307,0.002198333196166506,0.1340782122905028,True
0.4902211160564104,0.5027932960893855,0.5007178526841448,0.5,0.12921348314606743,0.8722222222222222,0.20535714285714285,0.1517150395778364,0.4894194756554307,0.002145138636582516,0.12849162011173185,True
0.4903494229284816,0.5027932960893855,0.5007178526841448,0.5,0.12921348314606743,0.8722222222222222,0.20535714285714285,0.1517150395778364,0.4894194756554307,0.002145138636582516,0.12849162011173185,True
0.4904777298005528,0.5027932960893855,0.5007178526841448,0.5,0.12921348314606743,0.8722222222222222,0.20535714285714285,0.1517150395778364,0.4894194756554307,0.002145138636582516,0.12849162011173185,True
0.49060603667262404,0.5027932960893855,0.5007178526841448,0.5,0.12921348314606743,0.8722222222222222,0.20535714285714285,0.1517150395778364,0.4894194756554307,0.002145138636582516,0.12849162011173185,True
0.4907343435446953,0.5027932960893855,0.5007178526841448,0.5,0.12921348314606743,0.8722222222222222,0.20535714285714285,0.1517150395778364,0.4894194756554307,0.002145138636582516,0.12849162011173185,True
0.4908626504167665,0.505586592178771,0.5034956304619226,0.5111111111111111,0.12921348314606743,0.8777777777777778,0.2062780269058296,0.15191545574636725,0.4894194756554307,0.010544435606212172,0.12569832402234637,True
0.49099095728883774,0.5,0.4978776529338327,0.4883720930232558,0.11797752808988764,0.8777777777777778,0.19004524886877827,0.1390728476821192,0.4894194756554307,-0.006528345792132489,0.12011173184357542,False
0.491119264160909,0.5,0.4978776529338327,0.4883720930232558,0.11797752808988764,0.8777777777777778,0.19004524886877827,0.1390728476821192,0.4894194756554307,-0.006528345792132489,0.12011173184357542,False
0.4912475710329802,0.505586592178771,0.5034332084893882,0.5121951219512195,0.11797752808988764,0.8888888888888888,0.1917808219178082,0.1394422310756972,0.4894194756554307,0.010780896275372175,0.11452513966480447,True
0.49137587790505144,0.5083798882681564,0.5062109862671661,0.525,0.11797752808988764,0.8944444444444445,0.1926605504587156,0.13962765957446807,0.4894194756554307,0.019714840267721533,0.11173184357541899,True
0.49150418477712265,0.5139664804469274,0.5117665418227216,0.5526315789473685,0.11797752808988764,0.9055555555555556,0.19444444444444445,0.14,0.4894194756554307,0.038199555088197015,0.10614525139664804,True
0.4916324916491939,0.5111731843575419,0.5089575530586766,0.5405405405405406,0.11235955056179775,0.9055555555555556,0.18604651162790697,0.13351134846461948,0.4894194756554307,0.029424714687081768,0.10335195530726257,True
0.49176079852126514,0.5111731843575419,0.5089575530586766,0.5405405405405406,0.11235955056179775,0.9055555555555556,0.18604651162790697,0.13351134846461948,0.4894194756554307,0.029424714687081768,0.10335195530726257,True
0.49188910539333636,0.5139664804469274,0.5117353308364544,0.5555555555555556,0.11235955056179775,0.9111111111111111,0.18691588785046728,0.13368983957219252,0.4894194756554307,0.03902046141990967,0.1005586592178771,True
0.4920174122654076,0.5139664804469274,0.5117353308364544,0.5555555555555556,0.11235955056179775,0.9111111111111111,0.18691588785046728,0.13368983957219252,0.4894194756554307,0.03902046141990967,0.1005586592178771,True
0.49214571913747884,0.5139664804469274,0.5117353308364544,0.5555555555555556,0.11235955056179775,0.9111111111111111,0.18691588785046728,0.13368983957219252,0.4894194756554307,0.03902046141990967,0.1005586592178771,True
0.49227402600955006,0.5139664804469274,0.5117353308364544,0.5555555555555556,0.11235955056179775,0.9111111111111111,0.18691588785046728,0.13368983957219252,0.4894194756554307,0.03902046141990967,0.1005586592178771,True
0.4924023328816213,0.5139664804469274,0.5117353308364544,0.5555555555555556,0.11235955056179775,0.9111111111111111,0.18691588785046728,0.13368983957219252,0.4894194756554307,0.03902046141990967,0.1005586592178771,True
0.49253063975369255,0.5139664804469274,0.5117353308364544,0.5555555555555556,0.11235955056179775,0.9111111111111111,0.18691588785046728,0.13368983957219252,0.4894194756554307,0.03902046141990967,0.1005586592178771,True
0.49265894662576376,0.5139664804469274,0.5117353308364544,0.5555555555555556,0.11235955056179775,0.9111111111111111,0.18691588785046728,0.13368983957219252,0.4894194756554307,0.03902046141990967,0.1005586592178771,True
0.492787253497835,0.5111731843575419,0.5089263420724095,0.5428571428571428,0.10674157303370786,0.9111111111111111,0.1784037558685446,0.12717536813922356,0.4894194756554307,0.030054844944359574,0.09776536312849161,True
0.4929155603699062,0.5111731843575419,0.5088951310861423,0.5454545454545454,0.10112359550561797,0.9166666666666666,0.17061611374407584,0.12080536912751678,0.4894194756554307,0.03074892601562579,0.09217877094972067,True
0.49304386724197746,0.5111731843575419,0.5088951310861423,0.5454545454545454,0.10112359550561797,0.9166666666666666,0.17061611374407584,0.12080536912751678,0.4894194756554307,0.03074892601562579,0.09217877094972067,True
0.4931721741140487,0.5111731843575419,0.5088951310861423,0.5454545454545454,0.10112359550561797,0.9166666666666666,0.17061611374407584,0.12080536912751678,0.4894194756554307,0.03074892601562579,0.09217877094972067,True
0.4933004809861199,0.5111731843575419,0.5088951310861423,0.5454545454545454,0.10112359550561797,0.9166666666666666,0.17061611374407584,0.12080536912751678,0.4894194756554307,0.03074892601562579,0.09217877094972067,True
0.49342878785819116,0.5111731843575419,0.5088951310861423,0.5454545454545454,0.10112359550561797,0.9166666666666666,0.17061611374407584,0.12080536912751678,0.4894194756554307,0.03074892601562579,0.09217877094972067,True
0.4935570947302624,0.5139664804469274,0.5116729088639201,0.5625,0.10112359550561797,0.9222222222222223,0.17142857142857143,0.12096774193548387,0.4894194756554307,0.04091396364856863,0.0893854748603352,True
0.4936854016023336,0.5111731843575419,0.5088639200998751,0.5483870967741935,0.09550561797752809,0.9222222222222223,0.16267942583732056,0.11440107671601615,0.4894194756554307,0.03151718048658586,0.08659217877094973,True
0.4938137084744048,0.5111731843575419,0.5088639200998751,0.5483870967741935,0.09550561797752809,0.9222222222222223,0.16267942583732056,0.11440107671601615,0.4894194756554307,0.03151718048658586,0.08659217877094973,True
0.4939420153464761,0.5139664804469274,0.5116416978776529,0.5666666666666667,0.09550561797752809,0.9277777777777778,0.16346153846153846,0.11455525606469003,0.4894194756554307,0.042014096107055594,0.08379888268156424,True
0.4940703222185473,0.5139664804469274,0.5116416978776529,0.5666666666666667,0.09550561797752809,0.9277777777777778,0.16346153846153846,0.11455525606469003,0.4894194756554307,0.042014096107055594,0.08379888268156424,True
0.4941986290906185,0.5139664804469274,0.5116416978776529,0.5666666666666667,0.09550561797752809,0.9277777777777778,0.16346153846153846,0.11455525606469003,0.4894194756554307,0.042014096107055594,0.08379888268156424,True
0.4943269359626898,0.5139664804469274,0.5116416978776529,0.5666666666666667,0.09550561797752809,0.9277777777777778,0.16346153846153846,0.11455525606469003,0.4894194756554307,0.042014096107055594,0.08379888268156424,True
0.494455242834761,0.5139664804469274,0.5116416978776529,0.5666666666666667,0.09550561797752809,0.9277777777777778,0.16346153846153846,0.11455525606469003,0.4894194756554307,0.042014096107055594,0.08379888268156424,True
0.4945835497068322,0.5167597765363129,0.5144194756554307,0.5862068965517241,0.09550561797752809,0.9333333333333333,0.1642512077294686,0.11470985155195682,0.4894194756554307,0.052848025948813895,0.08100558659217877,True
0.49471185657890343,0.5167597765363129,0.5144194756554307,0.5862068965517241,0.09550561797752809,0.9333333333333333,0.1642512077294686,0.11470985155195682,0.4894194756554307,0.052848025948813895,0.08100558659217877,True
0.4948401634509747,0.5139664804469274,0.5116104868913858,0.5714285714285714,0.0898876404494382,0.9333333333333333,0.1553398058252427,0.10810810810810811,0.4894194756554307,0.04324049891184468,0.0782122905027933,True
0.4949684703230459,0.5111731843575419,0.5088014981273409,0.5555555555555556,0.08426966292134831,0.9333333333333333,0.14634146341463414,0.10148849797023005,0.4894194756554307,0.03333012721680999,0.07541899441340782,True
0.49509677719511713,0.5167597765363129,0.5143570536828964,0.6,0.08426966292134831,0.9444444444444444,0.1477832512315271,0.10176390773405698,0.4894194756554307,0.05633125831940352,0.06983240223463687,True
0.49522508406718835,0.5167597765363129,0.5143570536828964,0.6,0.08426966292134831,0.9444444444444444,0.1477832512315271,0.10176390773405698,0.4894194756554307,0.05633125831940352,0.06983240223463687,True
0.4953533909392596,0.5167597765363129,0.5143570536828964,0.6,0.08426966292134831,0.9444444444444444,0.1477832512315271,0.10176390773405698,0.4894194756554307,0.05633125831940352,0.06983240223463687,True
0.49548169781133083,0.5167597765363129,0.5143570536828964,0.6,0.08426966292134831,0.9444444444444444,0.1477832512315271,0.10176390773405698,0.4894194756554307,0.05633125831940352,0.06983240223463687,True
0.49561000468340205,0.5167597765363129,0.5143570536828964,0.6,0.08426966292134831,0.9444444444444444,0.1477832512315271,0.10176390773405698,0.4894194756554307,0.05633125831940352,0.06983240223463687,True
0.4957383115554733,0.5167597765363129,0.5143570536828964,0.6,0.08426966292134831,0.9444444444444444,0.1477832512315271,0.10176390773405698,0.4894194756554307,0.05633125831940352,0.06983240223463687,True
0.49586661842754454,0.5167597765363129,0.5143570536828964,0.6,0.08426966292134831,0.9444444444444444,0.1477832512315271,0.10176390773405698,0.4894194756554307,0.05633125831940352,0.06983240223463687,True
0.49599492529961575,0.5167597765363129,0.5143570536828964,0.6,0.08426966292134831,0.9444444444444444,0.1477832512315271,0.10176390773405698,0.4894194756554307,0.05633125831940352,0.06983240223463687,True
0.49612323217168697,0.5111731843575419,0.5087390761548065,0.5652173913043478,0.07303370786516854,0.9444444444444444,0.12935323383084577,0.08843537414965986,0.4894194756554307,0.035641457194015215,0.06424581005586592,True
0.49625153904375824,0.5139664804469274,0.5115168539325843,0.5909090909090909,0.07303370786516854,0.95,0.13,0.0885558583106267,0.4894194756554307,0.04795447370399402,0.061452513966480445,True
0.49637984591582945,0.5139664804469274,0.5115168539325843,0.5909090909090909,0.07303370786516854,0.95,0.13,0.0885558583106267,0.4894194756554307,0.04795447370399402,0.061452513966480445,True
0.49650815278790067,0.5139664804469274,0.5115168539325843,0.5909090909090909,0.07303370786516854,0.95,0.13,0.0885558583106267,0.4894194756554307,0.04795447370399402,0.061452513966480445,True
0.49663645965997194,0.505586592178771,0.5030898876404494,0.5263157894736842,0.056179775280898875,0.95,0.10152284263959391,0.06839945280437756,0.4894194756554307,0.013782953373565098,0.05307262569832402,True
0.49676476653204316,0.5083798882681564,0.5058676654182273,0.5555555555555556,0.056179775280898875,0.9555555555555556,0.10204081632653061,0.0684931506849315,0.4894194756554307,0.026851334829184285,0.05027932960893855,True
0.49689307340411437,0.5083798882681564,0.5058676654182273,0.5555555555555556,0.056179775280898875,0.9555555555555556,0.10204081632653061,0.0684931506849315,0.4894194756554307,0.026851334829184285,0.05027932960893855,True
0.4970213802761856,0.5083798882681564,0.5058676654182273,0.5555555555555556,0.056179775280898875,0.9555555555555556,0.10204081632653061,0.0684931506849315,0.4894194756554307,0.026851334829184285,0.05027932960893855,True
0.49714968714825686,0.505586592178771,0.5030586766541822,0.5294117647058824,0.05056179775280899,0.9555555555555556,0.09230769230769231,0.06172839506172839,0.4894194756554307,0.014381631858178198,0.04748603351955307,True
0.4972779940203281,0.505586592178771,0.5030586766541822,0.5294117647058824,0.05056179775280899,0.9555555555555556,0.09230769230769231,0.06172839506172839,0.4894194756554307,0.014381631858178198,0.04748603351955307,True
0.4974063008923993,0.505586592178771,0.5030586766541822,0.5294117647058824,0.05056179775280899,0.9555555555555556,0.09230769230769231,0.06172839506172839,0.4894194756554307,0.014381631858178198,0.04748603351955307,True
0.49753460776447056,0.505586592178771,0.5030586766541822,0.5294117647058824,0.05056179775280899,0.9555555555555556,0.09230769230769231,0.06172839506172839,0.4894194756554307,0.014381631858178198,0.04748603351955307,True
0.4976629146365418,0.505586592178771,0.5030586766541822,0.5294117647058824,0.05056179775280899,0.9555555555555556,0.09230769230769231,0.06172839506172839,0.4894194756554307,0.014381631858178198,0.04748603351955307,True
0.497791221508613,0.505586592178771,0.5030274656679151,0.5333333333333333,0.0449438202247191,0.9611111111111111,0.08290155440414508,0.055020632737276476,0.4894194756554307,0.015109941630720568,0.04189944134078212,True
0.4979195283806842,0.505586592178771,0.5030274656679151,0.5333333333333333,0.0449438202247191,0.9611111111111111,0.08290155440414508,0.055020632737276476,0.4894194756554307,0.015109941630720568,0.04189944134078212,True
0.4980478352527555,0.505586592178771,0.5030274656679151,0.5333333333333333,0.0449438202247191,0.9611111111111111,0.08290155440414508,0.055020632737276476,0.4894194756554307,0.015109941630720568,0.04189944134078212,True
0.4981761421248267,0.505586592178771,0.5030274656679151,0.5333333333333333,0.0449438202247191,0.9611111111111111,0.08290155440414508,0.055020632737276476,0.4894194756554307,0.015109941630720568,0.04189944134078212,True
0.4983044489968979,0.5083798882681564,0.5058052434456929,0.5714285714285714,0.0449438202247191,0.9666666666666667,0.08333333333333333,0.05509641873278237,0.4894194756554307,0.02994700858192202,0.03910614525139665,True
0.4984327558689692,0.5083798882681564,0.5058052434456929,0.5714285714285714,0.0449438202247191,0.9666666666666667,0.08333333333333333,0.05509641873278237,0.4894194756554307,0.02994700858192202,0.03910614525139665,True
0.4985610627410404,0.5083798882681564,0.5058052434456929,0.5714285714285714,0.0449438202247191,0.9666666666666667,0.08333333333333333,0.05509641873278237,0.4894194756554307,0.02994700858192202,0.03910614525139665,True
0.4986893696131116,0.5111731843575419,0.5085830212234707,0.6153846153846154,0.0449438202247191,0.9722222222222222,0.08376963350785341,0.05517241379310345,0.4894194756554307,0.04588124690274518,0.036312849162011177,True
0.4988176764851828,0.5111731843575419,0.5085830212234707,0.6153846153846154,0.0449438202247191,0.9722222222222222,0.08376963350785341,0.05517241379310345,0.4894194756554307,0.04588124690274518,0.036312849162011177,True
0.4989459833572541,0.5111731843575419,0.5085830212234707,0.6153846153846154,0.0449438202247191,0.9722222222222222,0.08376963350785341,0.05517241379310345,0.4894194756554307,0.04588124690274518,0.036312849162011177,True
0.4990742902293253,0.5111731843575419,0.5085830212234707,0.6153846153846154,0.0449438202247191,0.9722222222222222,0.08376963350785341,0.05517241379310345,0.4894194756554307,0.04588124690274518,0.036312849162011177,True
0.49920259710139653,0.5111731843575419,0.5085830212234707,0.6153846153846154,0.0449438202247191,0.9722222222222222,0.08376963350785341,0.05517241379310345,0.4894194756554307,0.04588124690274518,0.036312849162011177,True
0.4993309039734678,0.5111731843575419,0.5085830212234707,0.6153846153846154,0.0449438202247191,0.9722222222222222,0.08376963350785341,0.05517241379310345,0.4894194756554307,0.04588124690274518,0.036312849162011177,True
0.499459210845539,0.5111731843575419,0.5085830212234707,0.6153846153846154,0.0449438202247191,0.9722222222222222,0.08376963350785341,0.05517241379310345,0.4894194756554307,0.04588124690274518,0.036312849162011177,True
0.49958751771761023,0.5111731843575419,0.5085830212234707,0.6153846153846154,0.0449438202247191,0.9722222222222222,0.08376963350785341,0.05517241379310345,0.4894194756554307,0.04588124690274518,0.036312849162011177,True
0.49971582458968145,0.5111731843575419,0.5085830212234707,0.6153846153846154,0.0449438202247191,0.9722222222222222,0.08376963350785341,0.05517241379310345,0.4894194756554307,0.04588124690274518,0.036312849162011177,True
0.4998441314617527,0.5083798882681564,0.5057740324594258,0.5833333333333334,0.03932584269662921,0.9722222222222222,0.07368421052631578,0.04834254143646409,0.4894194756554307,0.032079441447409915,0.0335195530726257,True
0.49997243833382393,0.5083798882681564,0.5057740324594258,0.5833333333333334,0.03932584269662921,0.9722222222222222,0.07368421052631578,0.04834254143646409,0.4894194756554307,0.032079441447409915,0.0335195530726257,True
0.5001007452058952,0.5083798882681564,0.5057740324594258,0.5833333333333334,0.03932584269662921,0.9722222222222222,0.07368421052631578,0.04834254143646409,0.4894194756554307,0.032079441447409915,0.0335195530726257,True
0.5002290520779664,0.5083798882681564,0.5057740324594258,0.5833333333333334,0.03932584269662921,0.9722222222222222,0.07368421052631578,0.04834254143646409,0.4894194756554307,0.032079441447409915,0.0335195530726257,True
0.5003573589500376,0.5083798882681564,0.5057740324594258,0.5833333333333334,0.03932584269662921,0.9722222222222222,0.07368421052631578,0.04834254143646409,0.4894194756554307,0.032079441447409915,0.0335195530726257,True
0.5004856658221088,0.5083798882681564,0.5057740324594258,0.5833333333333334,0.03932584269662921,0.9722222222222222,0.07368421052631578,0.04834254143646409,0.4894194756554307,0.032079441447409915,0.0335195530726257,True
0.5006139726941801,0.5083798882681564,0.5057740324594258,0.5833333333333334,0.03932584269662921,0.9722222222222222,0.07368421052631578,0.04834254143646409,0.4894194756554307,0.032079441447409915,0.0335195530726257,True
0.5007422795662513,0.5083798882681564,0.5057740324594258,0.5833333333333334,0.03932584269662921,0.9722222222222222,0.07368421052631578,0.04834254143646409,0.4894194756554307,0.032079441447409915,0.0335195530726257,True
0.5008705864383225,0.505586592178771,0.5029650436953808,0.5454545454545454,0.033707865168539325,0.9722222222222222,0.06349206349206349,0.04149377593360996,0.4894194756554307,0.01718091413127803,0.030726256983240222,True
0.5009988933103938,0.505586592178771,0.5029650436953808,0.5454545454545454,0.033707865168539325,0.9722222222222222,0.06349206349206349,0.04149377593360996,0.4894194756554307,0.01718091413127803,0.030726256983240222,True
0.501127200182465,0.505586592178771,0.5029650436953808,0.5454545454545454,0.033707865168539325,0.9722222222222222,0.06349206349206349,0.04149377593360996,0.4894194756554307,0.01718091413127803,0.030726256983240222,True
0.5012555070545363,0.505586592178771,0.5029650436953808,0.5454545454545454,0.033707865168539325,0.9722222222222222,0.06349206349206349,0.04149377593360996,0.4894194756554307,0.01718091413127803,0.030726256983240222,True
0.5013838139266075,0.505586592178771,0.5029650436953808,0.5454545454545454,0.033707865168539325,0.9722222222222222,0.06349206349206349,0.04149377593360996,0.4894194756554307,0.01718091413127803,0.030726256983240222,True
0.5015121207986787,0.505586592178771,0.5029650436953808,0.5454545454545454,0.033707865168539325,0.9722222222222222,0.06349206349206349,0.04149377593360996,0.4894194756554307,0.01718091413127803,0.030726256983240222,True
0.5016404276707499,0.505586592178771,0.5029650436953808,0.5454545454545454,0.033707865168539325,0.9722222222222222,0.06349206349206349,0.04149377593360996,0.4894194756554307,0.01718091413127803,0.030726256983240222,True
0.5017687345428211,0.505586592178771,0.5029650436953808,0.5454545454545454,0.033707865168539325,0.9722222222222222,0.06349206349206349,0.04149377593360996,0.4894194756554307,0.01718091413127803,0.030726256983240222,True
0.5018970414148924,0.505586592178771,0.5029650436953808,0.5454545454545454,0.033707865168539325,0.9722222222222222,0.06349206349206349,0.04149377593360996,0.4894194756554307,0.01718091413127803,0.030726256983240222,True
0.5020253482869637,0.505586592178771,0.5029650436953808,0.5454545454545454,0.033707865168539325,0.9722222222222222,0.06349206349206349,0.04149377593360996,0.4894194756554307,0.01718091413127803,0.030726256983240222,True
0.5021536551590349,0.505586592178771,0.5029650436953808,0.5454545454545454,0.033707865168539325,0.9722222222222222,0.06349206349206349,0.04149377593360996,0.4894194756554307,0.01718091413127803,0.030726256983240222,True
0.5022819620311061,0.505586592178771,0.5029650436953808,0.5454545454545454,0.033707865168539325,0.9722222222222222,0.06349206349206349,0.04149377593360996,0.4894194756554307,0.01718091413127803,0.030726256983240222,True
0.5024102689031773,0.5027932960893855,0.5001560549313359,0.5,0.028089887640449437,0.9722222222222222,0.05319148936170213,0.03462603878116344,0.4894194756554307,0.0009470308450469227,0.027932960893854747,True
0.5025385757752485,0.5027932960893855,0.5001560549313359,0.5,0.028089887640449437,0.9722222222222222,0.05319148936170213,0.03462603878116344,0.4894194756554307,0.0009470308450469227,0.027932960893854747,True
0.5026668826473197,0.5027932960893855,0.5001560549313359,0.5,0.028089887640449437,0.9722222222222222,0.05319148936170213,0.03462603878116344,0.4894194756554307,0.0009470308450469227,0.027932960893854747,True
0.5027951895193911,0.505586592178771,0.5029338327091136,0.5555555555555556,0.028089887640449437,0.9777777777777777,0.053475935828877004,0.03467406380027739,0.4894194756554307,0.018740346967590676,0.025139664804469275,True
0.5029234963914623,0.505586592178771,0.5029338327091136,0.5555555555555556,0.028089887640449437,0.9777777777777777,0.053475935828877004,0.03467406380027739,0.4894194756554307,0.018740346967590676,0.025139664804469275,True
0.5030518032635335,0.505586592178771,0.5029338327091136,0.5555555555555556,0.028089887640449437,0.9777777777777777,0.053475935828877004,0.03467406380027739,0.4894194756554307,0.018740346967590676,0.025139664804469275,True
0.5031801101356047,0.505586592178771,0.5029338327091136,0.5555555555555556,0.028089887640449437,0.9777777777777777,0.053475935828877004,0.03467406380027739,0.4894194756554307,0.018740346967590676,0.025139664804469275,True
0.5033084170076759,0.505586592178771,0.5029338327091136,0.5555555555555556,0.028089887640449437,0.9777777777777777,0.053475935828877004,0.03467406380027739,0.4894194756554307,0.018740346967590676,0.025139664804469275,True
0.5034367238797471,0.505586592178771,0.5029338327091136,0.5555555555555556,0.028089887640449437,0.9777777777777777,0.053475935828877004,0.03467406380027739,0.4894194756554307,0.018740346967590676,0.025139664804469275,True
0.5035650307518184,0.505586592178771,0.5029338327091136,0.5555555555555556,0.028089887640449437,0.9777777777777777,0.053475935828877004,0.03467406380027739,0.4894194756554307,0.018740346967590676,0.025139664804469275,True
0.5036933376238897,0.505586592178771,0.5029338327091136,0.5555555555555556,0.028089887640449437,0.9777777777777777,0.053475935828877004,0.03467406380027739,0.4894194756554307,0.018740346967590676,0.025139664804469275,True
0.5038216444959609,0.505586592178771,0.5029338327091136,0.5555555555555556,0.028089887640449437,0.9777777777777777,0.053475935828877004,0.03467406380027739,0.4894194756554307,0.018740346967590676,0.025139664804469275,True
0.5039499513680321,0.505586592178771,0.5029338327091136,0.5555555555555556,0.028089887640449437,0.9777777777777777,0.053475935828877004,0.03467406380027739,0.4894194756554307,0.018740346967590676,0.025139664804469275,True
0.5040782582401033,0.505586592178771,0.5029338327091136,0.5555555555555556,0.028089887640449437,0.9777777777777777,0.053475935828877004,0.03467406380027739,0.4894194756554307,0.018740346967590676,0.025139664804469275,True
0.5042065651121745,0.505586592178771,0.5029338327091136,0.5555555555555556,0.028089887640449437,0.9777777777777777,0.053475935828877004,0.03467406380027739,0.4894194756554307,0.018740346967590676,0.025139664804469275,True
0.5043348719842458,0.505586592178771,0.5029338327091136,0.5555555555555556,0.028089887640449437,0.9777777777777777,0.053475935828877004,0.03467406380027739,0.4894194756554307,0.018740346967590676,0.025139664804469275,True
0.504463178856317,0.505586592178771,0.5029338327091136,0.5555555555555556,0.028089887640449437,0.9777777777777777,0.053475935828877004,0.03467406380027739,0.4894194756554307,0.018740346967590676,0.025139664804469275,True
0.5045914857283882,0.505586592178771,0.5029338327091136,0.5555555555555556,0.028089887640449437,0.9777777777777777,0.053475935828877004,0.03467406380027739,0.4894194756554307,0.018740346967590676,0.025139664804469275,True
0.5047197926004595,0.5083798882681564,0.5057116104868914,0.625,0.028089887640449437,0.9833333333333333,0.053763440860215055,0.034722222222222224,0.4894194756554307,0.03864166365653092,0.0223463687150838,True
0.5048480994725307,0.505586592178771,0.5029026217228464,0.5714285714285714,0.02247191011235955,0.9833333333333333,0.043243243243243246,0.027816411682892908,0.4894194756554307,0.02096351542072134,0.019553072625698324,True
0.504976406344602,0.505586592178771,0.5029026217228464,0.5714285714285714,0.02247191011235955,0.9833333333333333,0.043243243243243246,0.027816411682892908,0.4894194756554307,0.02096351542072134,0.019553072625698324,True
0.5051047132166732,0.505586592178771,0.5029026217228464,0.5714285714285714,0.02247191011235955,0.9833333333333333,0.043243243243243246,0.027816411682892908,0.4894194756554307,0.02096351542072134,0.019553072625698324,True
0.5052330200887444,0.505586592178771,0.5029026217228464,0.5714285714285714,0.02247191011235955,0.9833333333333333,0.043243243243243246,0.027816411682892908,0.4894194756554307,0.02096351542072134,0.019553072625698324,True
0.5053613269608156,0.505586592178771,0.5029026217228464,0.5714285714285714,0.02247191011235955,0.9833333333333333,0.043243243243243246,0.027816411682892908,0.4894194756554307,0.02096351542072134,0.019553072625698324,True
0.5054896338328869,0.505586592178771,0.5029026217228464,0.5714285714285714,0.02247191011235955,0.9833333333333333,0.043243243243243246,0.027816411682892908,0.4894194756554307,0.02096351542072134,0.019553072625698324,True
0.5056179407049581,0.505586592178771,0.5029026217228464,0.5714285714285714,0.02247191011235955,0.9833333333333333,0.043243243243243246,0.027816411682892908,0.4894194756554307,0.02096351542072134,0.019553072625698324,True
0.5057462475770294,0.505586592178771,0.5029026217228464,0.5714285714285714,0.02247191011235955,0.9833333333333333,0.043243243243243246,0.027816411682892908,0.4894194756554307,0.02096351542072134,0.019553072625698324,True
0.5058745544491006,0.505586592178771,0.5029026217228464,0.5714285714285714,0.02247191011235955,0.9833333333333333,0.043243243243243246,0.027816411682892908,0.4894194756554307,0.02096351542072134,0.019553072625698324,True
0.5060028613211718,0.505586592178771,0.5029026217228464,0.5714285714285714,0.02247191011235955,0.9833333333333333,0.043243243243243246,0.027816411682892908,0.4894194756554307,0.02096351542072134,0.019553072625698324,True
0.506131168193243,0.505586592178771,0.5029026217228464,0.5714285714285714,0.02247191011235955,0.9833333333333333,0.043243243243243246,0.027816411682892908,0.4894194756554307,0.02096351542072134,0.019553072625698324,True
0.5062594750653142,0.505586592178771,0.5029026217228464,0.5714285714285714,0.02247191011235955,0.9833333333333333,0.043243243243243246,0.027816411682892908,0.4894194756554307,0.02096351542072134,0.019553072625698324,True
0.5063877819373854,0.505586592178771,0.5029026217228464,0.5714285714285714,0.02247191011235955,0.9833333333333333,0.043243243243243246,0.027816411682892908,0.4894194756554307,0.02096351542072134,0.019553072625698324,True
0.5065160888094568,0.505586592178771,0.5029026217228464,0.5714285714285714,0.02247191011235955,0.9833333333333333,0.043243243243243246,0.027816411682892908,0.4894194756554307,0.02096351542072134,0.019553072625698324,True
0.506644395681528,0.505586592178771,0.5029026217228464,0.5714285714285714,0.02247191011235955,0.9833333333333333,0.043243243243243246,0.027816411682892908,0.4894194756554307,0.02096351542072134,0.019553072625698324,True
0.5067727025535992,0.505586592178771,0.5028714107365793,0.6,0.016853932584269662,0.9888888888888889,0.03278688524590164,0.02092050209205021,0.4894194756554307,0.02446804183874879,0.013966480446927373,True
0.5069010094256704,0.505586592178771,0.5028714107365793,0.6,0.016853932584269662,0.9888888888888889,0.03278688524590164,0.02092050209205021,0.4894194756554307,0.02446804183874879,0.013966480446927373,True
0.5070293162977416,0.505586592178771,0.5028714107365793,0.6,0.016853932584269662,0.9888888888888889,0.03278688524590164,0.02092050209205021,0.4894194756554307,0.02446804183874879,0.013966480446927373,True
0.5071576231698128,0.505586592178771,0.5028714107365793,0.6,0.016853932584269662,0.9888888888888889,0.03278688524590164,0.02092050209205021,0.4894194756554307,0.02446804183874879,0.013966480446927373,True
0.507285930041884,0.505586592178771,0.5028714107365793,0.6,0.016853932584269662,0.9888888888888889,0.03278688524590164,0.02092050209205021,0.4894194756554307,0.02446804183874879,0.013966480446927373,True
0.5074142369139554,0.505586592178771,0.5028714107365793,0.6,0.016853932584269662,0.9888888888888889,0.03278688524590164,0.02092050209205021,0.4894194756554307,0.02446804183874879,0.013966480446927373,True
0.5075425437860266,0.505586592178771,0.5028714107365793,0.6,0.016853932584269662,0.9888888888888889,0.03278688524590164,0.02092050209205021,0.4894194756554307,0.02446804183874879,0.013966480446927373,True
0.5076708506580978,0.505586592178771,0.5028714107365793,0.6,0.016853932584269662,0.9888888888888889,0.03278688524590164,0.02092050209205021,0.4894194756554307,0.02446804183874879,0.013966480446927373,True
0.507799157530169,0.505586592178771,0.5028714107365793,0.6,0.016853932584269662,0.9888888888888889,0.03278688524590164,0.02092050209205021,0.4894194756554307,0.02446804183874879,0.013966480446927373,True
0.5079274644022402,0.505586592178771,0.5028714107365793,0.6,0.016853932584269662,0.9888888888888889,0.03278688524590164,0.02092050209205021,0.4894194756554307,0.02446804183874879,0.013966480446927373,True
0.5080557712743115,0.505586592178771,0.5028714107365793,0.6,0.016853932584269662,0.9888888888888889,0.03278688524590164,0.02092050209205021,0.4894194756554307,0.02446804183874879,0.013966480446927373,True
0.5081840781463827,0.505586592178771,0.5028714107365793,0.6,0.016853932584269662,0.9888888888888889,0.03278688524590164,0.02092050209205021,0.4894194756554307,0.02446804183874879,0.013966480446927373,True
0.508312385018454,0.505586592178771,0.5028401997503121,0.6666666666666666,0.011235955056179775,0.9944444444444445,0.022099447513812154,0.013986013986013986,0.4894194756554307,0.031156619491447452,0.008379888268156424,True
0.5084406918905252,0.505586592178771,0.5028401997503121,0.6666666666666666,0.011235955056179775,0.9944444444444445,0.022099447513812154,0.013986013986013986,0.4894194756554307,0.031156619491447452,0.008379888268156424,True
0.5085689987625964,0.505586592178771,0.5028401997503121,0.6666666666666666,0.011235955056179775,0.9944444444444445,0.022099447513812154,0.013986013986013986,0.4894194756554307,0.031156619491447452,0.008379888268156424,True
0.5086973056346676,0.505586592178771,0.5028401997503121,0.6666666666666666,0.011235955056179775,0.9944444444444445,0.022099447513812154,0.013986013986013986,0.4894194756554307,0.031156619491447452,0.008379888268156424,True
0.5088256125067389,0.505586592178771,0.5028401997503121,0.6666666666666666,0.011235955056179775,0.9944444444444445,0.022099447513812154,0.013986013986013986,0.4894194756554307,0.031156619491447452,0.008379888268156424,True
0.5089539193788101,0.505586592178771,0.5028401997503121,0.6666666666666666,0.011235955056179775,0.9944444444444445,0.022099447513812154,0.013986013986013986,0.4894194756554307,0.031156619491447452,0.008379888268156424,True
0.5090822262508813,0.505586592178771,0.5028401997503121,0.6666666666666666,0.011235955056179775,0.9944444444444445,0.022099447513812154,0.013986013986013986,0.4894194756554307,0.031156619491447452,0.008379888268156424,True
0.5092105331229526,0.5083798882681564,0.5056179775280899,1.0,0.011235955056179775,1.0,0.022222222222222223,0.014005602240896359,0.4894194756554307,0.07537307789325133,0.00558659217877095,True
0.5093388399950238,0.505586592178771,0.5028089887640449,1.0,0.0056179775280898875,1.0,0.0111731843575419,0.0070126227208976155,0.4894194756554307,0.05322211675273693,0.002793296089385475,True
0.509467146867095,0.505586592178771,0.5028089887640449,1.0,0.0056179775280898875,1.0,0.0111731843575419,0.0070126227208976155,0.4894194756554307,0.05322211675273693,0.002793296089385475,True
0.5095954537391663,0.505586592178771,0.5028089887640449,1.0,0.0056179775280898875,1.0,0.0111731843575419,0.0070126227208976155,0.4894194756554307,0.05322211675273693,0.002793296089385475,True
